Time,c1,c2,c3,c4,c5,c6,c7,c8,c9,c10,Prediction
0.9957,-202.8278,-300.9947,-32.721,-28.7083,2.09,-19.2894,-8.1354,-14.8272,-51.2078,-77.2282,8
2.7127,-198.6301,-294.6635,-31.2472,-28.2037,1.4,-18.6851,-7.6441,-13.9881,-50.0268,-74.5923,8
4.3999,-199.7061,-295.2322,-31.114,-28.4759,0.86738,-18.4943,-7.5095,-13.5574,-50.3209,-74.2716,8
6.0966,-203.4291,-300.882,-31.7223,-29.1284,0.10589,-18.6515,-7.7036,-13.5517,-51.5892,-75.4215,8
7.8065,-208.1985,-308.7193,-32.8232,-29.9207,-0.43512,-18.9883,-8.0178,-13.5492,-53.1249,-77.4681,8
9.4496,-213.0331,-316.5708,-34.2746,-30.414,-0.86398,-19.2424,-8.3548,-13.5716,-54.5914,-79.8874,8
10.7397,-217.2765,-323.9333,-35.49,-31.1984,-1.3727,-19.459,-8.6393,-13.5881,-55.9895,-82.2145,8
12.4171,-221.0692,-330.3573,-36.7823,-31.9261,-1.6803,-19.7453,-8.8992,-13.5254,-56.9551,-84.3934,8
14.0794,-224.3135,-336.0137,-38.0123,-32.3379,-1.8731,-19.898,-9.0305,-13.5248,-57.9538,-86.3589,8
15.7873,-227.3314,-341.1816,-39.0483,-32.6826,-2.0322,-20.0619,-9.1787,-13.5876,-58.9071,-88.3404,8
17.487,-229.9925,-345.8277,-40.2597,-32.8389,-2.2071,-20.4426,-9.2724,-13.7882,-59.7332,-90.0208,8
19.1949,-232.3593,-349.9872,-41.5616,-33.1662,-2.2895,-20.6498,-9.3798,-13.8044,-60.4431,-91.46,8
20.8975,-234.4938,-354.0301,-42.7588,-33.5139,-2.3719,-20.7639,-9.4769,-13.83,-61.2264,-92.711,8
22.6297,-236.6689,-357.4821,-43.9029,-33.7929,-2.2867,-20.8193,-9.3609,-13.8098,-61.8258,-93.962,8
24.3893,-238.6587,-360.6749,-45.0687,-34.2064,-2.3264,-20.897,-9.3899,-13.7462,-62.3385,-95.2005,8
25.7021,-240.4136,-363.6802,-46.1713,-34.3345,-2.4517,-21.1379,-9.471,-13.7967,-63.0059,-96.3846,8
27.4226,-242.025,-366.4644,-47.2691,-34.3558,-2.5636,-21.245,-9.5724,-13.8832,-63.4643,-97.5426,8
29.1841,-243.5235,-369.3209,-48.3427,-34.4216,-2.6548,-21.4904,-9.7423,-13.9723,-63.8523,-98.6127,8
30.8779,-245.1829,-371.9063,-49.3559,-34.6801,-2.8088,-21.5436,-9.8324,-14.0439,-64.3006,-99.5904,8
32.6026,-246.754,-374.3484,-50.4645,-35.0648,-3.0105,-21.5306,-9.9239,-14.0978,-64.7459,-100.5286,8
34.3613,-248.2029,-376.6258,-51.4721,-35.2057,-3.1663,-21.5735,-9.9626,-14.1779,-65.279,-101.4573,8
36.0348,-249.5261,-378.9373,-52.4878,-35.3628,-3.2059,-21.7235,-10.0243,-14.0561,-65.7133,-102.3103,8
37.7468,-250.9163,-381.2248,-53.4638,-35.5505,-3.2436,-21.8557,-10.2085,-14.0426,-66.0818,-103.1945,8
39.434,-252.1939,-383.3947,-54.4403,-35.7458,-3.2853,-21.6826,-10.2943,-14.1899,-66.5228,-104.0635,8
41.1521,-253.3926,-385.3449,-55.2675,-35.9254,-3.3753,-21.628,-10.3746,-14.2621,-66.8034,-104.9072,8
42.8374,-254.6491,-387.5583,-56.0387,-36.3238,-3.5167,-21.6314,-10.3989,-14.4913,-67.2235,-105.6414,8
44.5166,-255.6529,-389.7314,-56.9561,-36.5525,-3.6228,-21.3948,-10.2888,-14.5343,-67.4225,-106.456,8
46.3061,-256.8107,-391.8859,-57.797,-36.6992,-3.6663,-21.4687,-10.2724,-14.5087,-67.838,-107.3276,8
48.0621,-258.1172,-393.9293,-58.77,-36.7972,-3.767,-21.566,-10.4992,-14.4554,-68.2179,-108.1224,8
49.8079,-259.6417,-396.1412,-59.7605,-36.925,-4.0029,-21.6745,-10.6283,-14.29,-68.6151,-108.9156,8
51.4958,-260.9537,-398.1521,-60.7764,-37.0608,-4.1013,-21.8404,-10.5418,-14.2339,-68.9444,-109.696,8
53.2088,-262.132,-400.2229,-61.8062,-37.1937,-4.1003,-21.9658,-10.5453,-14.3477,-69.3983,-110.5078,8
54.886,-263.3019,-402.2629,-62.769,-37.3174,-4.1862,-22.2221,-10.5906,-14.4711,-69.8632,-111.3971,8
56.6315,-264.4474,-404.3003,-63.726,-37.4725,-4.2251,-22.2864,-10.6576,-14.6544,-70.1394,-112.2083,8
58.3593,-265.5598,-406.2498,-64.7003,-37.5085,-4.2535,-22.3578,-10.7206,-14.6635,-70.5357,-112.7757,8
60.114,-266.6336,-408.0964,-65.621,-37.5903,-4.3174,-22.5785,-10.6949,-14.8496,-70.9493,-113.4754,8
61.8618,-267.7132,-409.9267,-66.3482,-37.5677,-4.3152,-22.591,-10.725,-14.867,-71.3491,-114.2283,8
63.5683,-268.8518,-411.6149,-67.2213,-37.6903,-4.2987,-22.6101,-10.7345,-14.789,-71.6303,-114.9239,8
65.3078,-269.9369,-413.2151,-68.1424,-37.8562,-4.3263,-22.6254,-10.823,-14.7202,-72.0191,-115.6326,8
67.032,-270.9719,-414.8729,-69.0748,-38.0694,-4.3771,-22.6516,-10.8466,-14.674,-72.3808,-116.3819,8
68.789,-271.8808,-416.5136,-69.9868,-38.2713,-4.477,-22.8408,-10.9277,-14.6477,-72.6349,-117.0592,8
70.5477,-272.8189,-418.1861,-70.6754,-38.4474,-4.5446,-22.8625,-10.7765,-14.5122,-72.8378,-117.83,8
72.3915,-273.6737,-419.9312,-71.4641,-38.5958,-4.5971,-22.8646,-10.8121,-14.3188,-73.1446,-118.5363,8
74.2101,-274.4583,-421.6312,-72.5334,-38.6818,-4.6412,-22.8557,-10.8694,-14.2155,-73.597,-119.0958,8
75.9483,-275.2982,-423.2027,-73.272,-38.8229,-4.7244,-22.8963,-10.9792,-14.247,-73.903,-119.6125,8
77.2299,-276.0721,-424.7085,-74.0964,-38.8922,-4.816,-22.7522,-11.0839,-14.285,-74.2129,-120.1769,8
78.963,-276.9428,-426.1011,-74.9344,-39.1369,-4.8633,-22.7683,-11.1321,-14.3957,-74.5779,-120.736,8
80.2649,-277.7834,-427.4188,-75.9062,-39.1319,-5.0521,-22.8008,-11.1525,-14.4695,-74.9,-121.3048,8
82.0971,-278.5555,-428.7179,-76.5706,-39.21,-5.1078,-22.7263,-11.2017,-14.6387,-75.2616,-121.8819,8
83.8646,-279.244,-430.0182,-77.1011,-39.3053,-5.1552,-22.7806,-11.2574,-14.7314,-75.5624,-122.4267,8
85.6573,-279.9387,-431.3982,-77.8953,-39.3713,-5.1911,-22.7552,-11.1089,-14.6227,-75.7805,-123.0068,8
86.9815,-280.6681,-432.7444,-78.6734,-39.4186,-5.2293,-22.7534,-11.0704,-14.6132,-75.9955,-123.5187,8
88.7548,-281.3526,-433.8935,-79.5269,-39.3374,-5.2677,-22.7964,-11.0785,-14.6435,-76.24,-124.016,8
90.5413,-282.1623,-435.0872,-80.4971,-39.3506,-5.3056,-22.6948,-11.1128,-14.6112,-76.521,-124.4747,8
92.3124,-282.5726,-436.1229,-81.1537,-39.6018,-5.3423,-22.7183,-11.2261,-14.6353,-76.6699,-124.8953,8
94.0709,-283.0575,-436.8725,-81.8251,-39.5893,-5.3376,-22.9825,-11.2286,-14.7532,-76.845,-125.3192,8
95.8817,-283.2422,-437.6356,-82.5025,-39.6835,-5.2835,-23.0996,-11.2705,-14.7286,-77.0573,-125.7196,8
97.8529,-283.6994,-438.4403,-83.1605,-39.7936,-5.2245,-23.1399,-11.316,-14.6925,-77.5114,-126.1684,8
99.6958,-284.1633,-439.0478,-83.855,-40.0677,-5.2592,-23.1757,-11.3603,-14.6922,-77.7928,-126.4397,8
101.4726,-284.6708,-440.021,-84.5599,-40.2329,-5.328,-23.292,-11.394,-14.7903,-78.1383,-126.8392,8
103.2049,-285.1559,-440.9751,-85.1445,-40.2124,-5.4419,-23.3412,-11.417,-14.8665,-78.2919,-127.2106,8
104.9385,-285.5659,-441.7374,-85.776,-40.001,-5.5127,-23.3572,-11.5513,-14.9588,-78.4499,-127.5903,8
106.7732,-285.8457,-442.4793,-86.4264,-39.879,-5.4383,-23.2741,-11.5827,-14.9559,-78.588,-128.0524,8
108.5382,-286.152,-443.3551,-87.0466,-39.8951,-5.4438,-23.211,-11.5705,-14.9183,-78.7113,-128.4557,8
110.3203,-286.4529,-443.9558,-87.7335,-39.9242,-5.4809,-23.0451,-11.6967,-14.9107,-78.6933,-128.794,8
112.1494,-286.614,-444.1987,-88.3109,-40.026,-5.4112,-23.0314,-11.7748,-14.8767,-78.6309,-129.1087,8
113.8975,-286.7551,-444.494,-88.6933,-40.0886,-5.5112,-23.0719,-11.7416,-14.9571,-78.5645,-129.302,8
115.7005,-286.8781,-444.8307,-89.0337,-40.163,-5.5757,-22.9684,-11.8631,-14.9415,-78.5534,-129.5151,8
117.4649,-286.9459,-445.1101,-89.4801,-40.2208,-5.623,-22.9803,-11.6197,-14.9324,-78.4835,-129.7102,8
119.2758,-287.1007,-445.3554,-90.1104,-40.2181,-5.6881,-23.0271,-11.4847,-14.9587,-78.5598,-129.9187,8
121.0945,-287.0126,-445.4918,-90.6734,-40.2253,-5.7506,-23.0828,-11.4376,-14.9149,-78.6684,-129.9398,8
122.9146,-287.1563,-445.7829,-91.2012,-40.1864,-5.8018,-23.0831,-11.4425,-14.7688,-78.8465,-130.0898,8
124.6964,-287.1308,-445.6448,-91.7853,-40.2097,-5.7578,-23.0977,-11.4544,-14.5635,-78.9638,-130.2574,8
126.3058,-286.9068,-445.3668,-92.3383,-40.1998,-5.7244,-23.1501,-11.4178,-14.5294,-78.9467,-130.4055,8
128.0279,-286.7939,-445.0502,-92.7883,-40.1696,-5.698,-23.0048,-11.4023,-14.603,-78.9054,-130.5447,8
606.2458,-221.3986,-330.9966,-44.566,-31.8431,-5.1738,-17.6,-9.7809,-11.2885,-57.9391,-86.8087,10
608.1082,-226.6493,-340.1352,-45.6904,-32.788,-5.5659,-17.9554,-10.2566,-11.2253,-59.4647,-88.9245,10
610.0194,-232.5785,-350.6575,-47.2465,-33.6804,-5.9668,-18.3772,-10.7674,-11.2915,-61.2029,-91.9094,10
611.8578,-238.0167,-360.2974,-49.0207,-34.4677,-6.3475,-18.742,-11.3266,-11.4718,-62.9869,-94.9838,10
613.6234,-242.7635,-368.3993,-50.6422,-35.085,-6.6644,-18.9024,-11.6528,-11.6271,-64.453,-98.0477,10
615.4903,-246.7268,-375.2848,-52.2935,-35.7902,-6.867,-19.1641,-11.9608,-11.8245,-65.6565,-100.3445,10
617.2741,-250.0242,-380.8772,-53.7606,-36.2609,-7.0775,-19.3842,-11.9699,-11.8417,-66.6209,-102.4219,10
619.142,-252.9729,-385.5835,-55.1333,-36.5023,-7.1815,-19.4847,-11.9607,-11.8738,-67.4099,-104.2725,10
620.965,-255.1538,-389.608,-56.4517,-36.8622,-7.3173,-19.6424,-11.9866,-11.9047,-68.1128,-105.9277,10
622.7772,-257.1022,-392.9934,-57.9121,-37.1837,-7.3244,-19.8001,-11.8758,-12.0592,-68.8571,-107.2068,10
624.6378,-258.7207,-396.0525,-59.2014,-37.5767,-7.412,-19.9411,-11.9358,-12.0333,-69.4423,-108.511,10
626.4781,-260.4151,-398.8334,-60.3554,-37.5736,-7.5163,-20.0934,-12.0489,-12.108,-70.0999,-109.7444,10
628.347,-261.8188,-401.1268,-61.4026,-37.599,-7.6198,-20.349,-12.0134,-12.2829,-70.5777,-110.8156,10
630.2345,-263.1373,-403.4091,-62.428,-37.7164,-7.6266,-20.4454,-12.0454,-12.1962,-70.9847,-111.8212,10
632.0521,-264.4438,-405.6988,-63.4254,-37.7561,-7.6813,-20.5521,-12.1382,-12.0256,-71.4412,-112.7748,10
633.8869,-265.6277,-407.6175,-64.4382,-37.9292,-7.7892,-20.8042,-12.2889,-11.9289,-71.9156,-113.6965,10
635.7665,-266.6609,-409.55,-65.2385,-38.1291,-7.908,-20.8399,-12.4361,-11.8488,-72.2694,-114.3549,10
637.5914,-267.716,-411.4372,-66.1811,-38.3226,-8.0938,-20.8749,-12.5193,-12.0326,-72.4273,-115.1906,10
639.4466,-268.7797,-413.1267,-67.1311,-38.4879,-8.1164,-20.861,-12.6073,-12.1605,-72.6363,-116.0546,10
641.2856,-269.7684,-414.9385,-68.0911,-38.627,-8.1613,-20.7266,-12.6866,-12.3303,-72.8643,-116.9012,10
643.1376,-270.857,-416.7743,-69.005,-38.7463,-8.2085,-20.6941,-12.876,-12.4385,-73.2202,-117.6166,10
645.0001,-271.935,-418.6447,-70.0687,-38.8916,-8.2213,-20.7501,-12.9976,-12.7125,-73.6719,-118.3901,10
646.8957,-272.9291,-420.4136,-71.0099,-39.0355,-8.303,-20.84,-12.9989,-12.8018,-74.0754,-119.1232,10
648.7334,-273.978,-422.2146,-71.7135,-39.1282,-8.4012,-20.9679,-13.035,-12.8142,-74.422,-119.8723,10
650.5477,-274.8086,-423.731,-72.7676,-39.398,-8.4565,-21.0907,-12.9646,-12.7903,-74.7588,-120.5662,10
652.4596,-275.7209,-425.4199,-73.8622,-39.4201,-8.4495,-21.1161,-12.8358,-12.7272,-75.2708,-121.3543,10
654.3313,-276.6425,-426.9319,-74.565,-39.5235,-8.5056,-21.3453,-12.7878,-12.7047,-75.5961,-122.0726,10
656.1809,-277.5992,-428.4245,-75.2758,-39.4827,-8.5425,-21.4959,-12.8254,-12.7431,-75.8322,-122.7169,10
658.0805,-278.4594,-429.775,-76.0742,-39.5799,-8.8143,-21.5231,-12.8944,-12.6014,-76.1399,-123.2102,10
659.9227,-279.2348,-431.0188,-76.8753,-39.5582,-8.849,-21.5758,-12.7638,-12.5779,-76.2631,-123.757,10
661.7375,-279.9811,-432.2568,-77.9478,-39.8752,-8.879,-21.5577,-12.8627,-12.6003,-76.2533,-124.2221,10
663.4581,-280.9278,-433.4104,-78.8236,-39.9085,-8.9362,-21.5667,-12.9911,-12.6467,-76.3829,-124.7732,10
665.2718,-281.7632,-434.6619,-79.6511,-39.8916,-8.9702,-21.5464,-13.0025,-12.8105,-76.6605,-125.3673,10
667.0211,-282.549,-435.9346,-80.5581,-40.0143,-9.0345,-21.5664,-13.0018,-12.8306,-76.9427,-125.9488,10
668.8163,-283.1434,-437.1995,-81.3599,-40.3122,-9.102,-21.4009,-13.0392,-12.8372,-77.2039,-126.5313,10
670.5844,-283.8191,-438.6758,-82.1186,-40.5176,-9.1659,-21.281,-13.0932,-12.8339,-77.6387,-127.0807,10
672.3169,-284.4153,-440.0496,-82.8173,-40.6195,-9.2213,-21.2792,-13.1472,-12.876,-77.9352,-127.6317,10
674.0583,-285.0912,-441.3815,-83.3892,-40.83,-9.3089,-21.3734,-13.1931,-12.7693,-78.0428,-128.1546,10
675.8001,-285.7564,-442.5655,-84.0269,-40.9399,-9.3984,-21.6489,-13.271,-12.7477,-78.2829,-128.7237,10
677.5722,-286.386,-443.638,-84.5897,-40.8087,-9.3986,-21.7046,-13.3104,-12.7597,-78.5246,-129.2354,10
679.3339,-286.8465,-444.6617,-85.3224,-40.8139,-9.4088,-21.7524,-13.372,-12.7907,-78.8016,-129.7822,10
681.0527,-287.3578,-445.627,-85.9162,-40.8402,-9.4245,-21.5849,-13.3922,-12.8207,-79.1039,-130.3869,10
682.8353,-287.909,-446.614,-86.8491,-40.9686,-9.4874,-21.46,-13.4378,-12.7256,-79.351,-130.6919,10
684.614,-288.5725,-447.7204,-87.7064,-41.0334,-9.5597,-21.4924,-13.2456,-12.7216,-79.4799,-131.0904,10
686.4142,-289.2622,-448.758,-88.5248,-40.9917,-9.5869,-21.7086,-13.2419,-12.7522,-79.6456,-131.6664,10
688.1282,-289.8608,-449.5409,-89.2595,-41.0807,-9.6346,-21.7169,-13.2664,-12.7971,-79.741,-132.1572,10
689.9847,-290.6133,-450.3922,-90.0065,-41.1714,-9.6445,-21.8048,-13.3096,-12.9564,-79.8604,-132.5808,10
691.3119,-290.9427,-451.22,-90.8347,-41.2583,-9.684,-22.0619,-13.3843,-12.8909,-79.9854,-132.9495,10
693.0499,-291.4696,-452.0766,-91.5161,-41.4878,-9.6889,-22.1109,-13.4185,-12.7954,-80.1532,-133.3279,10
694.7891,-291.9692,-452.9135,-92.3469,-41.6164,-9.6444,-22.1138,-13.4328,-12.8992,-80.3648,-133.7333,10
696.5489,-292.2684,-453.7951,-93.0057,-41.7316,-9.6699,-22.0924,-13.396,-12.989,-80.413,-134.2446,10
698.2923,-292.6217,-454.5278,-93.6139,-41.739,-9.7198,-21.9167,-13.3882,-13.1404,-80.6065,-134.5088,10
700.0487,-293.0393,-455.1799,-94.1672,-41.7529,-9.7343,-21.8753,-13.3921,-13.2401,-80.9514,-134.7554,10
702.0292,-293.4382,-455.9777,-94.7271,-41.7678,-9.8117,-22.0497,-13.481,-13.2668,-81.1939,-135.1038,10
703.7049,-293.8129,-456.7001,-95.4269,-41.8654,-9.8594,-22.1218,-13.4637,-13.2596,-81.5625,-135.5148,10
705.1302,-294.1203,-457.3077,-95.9712,-42.096,-9.9312,-22.1391,-13.4491,-13.4427,-81.5578,-135.8701,10
706.9362,-294.3943,-457.7854,-96.5143,-42.1365,-9.9974,-22.2842,-13.4722,-13.4671,-81.5504,-136.2083,10
708.3497,-294.4461,-458.1508,-97.0641,-42.1363,-10.0123,-22.1369,-13.5082,-13.4307,-81.4601,-136.5061,10
710.1558,-294.3191,-458.1801,-97.6347,-42.1125,-10.0847,-22.0687,-13.74,-13.368,-81.4136,-136.7638,10
712.0473,-294.4498,-458.4773,-98.0176,-42.249,-10.1255,-22.1113,-13.8004,-13.3925,-81.5898,-137.0224,10
713.883,-294.557,-458.7671,-98.6455,-42.2576,-10.1496,-22.2391,-13.9458,-13.3655,-81.7409,-137.2547,10
715.717,-294.6551,-458.8729,-99.273,-42.4137,-10.1195,-22.2504,-13.8856,-13.3234,-81.8547,-137.4923,10
717.5684,-294.8037,-458.9619,-99.8191,-42.2239,-10.1545,-22.3702,-13.8049,-13.3971,-82.0025,-137.7008,10
719.3683,-294.8643,-459.1011,-100.5647,-42.099,-10.1658,-22.4637,-13.7601,-13.3818,-81.9343,-137.8706,10
721.1941,-294.7124,-459.1839,-100.9491,-42.0012,-10.1668,-22.2547,-13.7396,-13.3357,-81.952,-138.1597,10
722.6165,-294.5663,-459.2003,-101.1891,-41.7356,-10.118,-22.1204,-13.6462,-13.278,-82.0645,-138.3242,10
724.4051,-294.3429,-459.1039,-101.6091,-41.6778,-10.1373,-22.0708,-13.414,-13.2275,-82.0301,-138.4931,10
726.2852,-293.9831,-458.7301,-102.0418,-41.7314,-10.215,-22.0689,-13.2825,-13.1863,-82.0487,-138.5011,10
727.7285,-293.7494,-458.4121,-102.4914,-41.9732,-10.2597,-22.1948,-13.2456,-13.0324,-82.0618,-138.5226,10
728.1905,-293.5134,-458.2512,-102.8993,-42.2208,-10.2778,-22.3374,-13.2484,-12.8593,-82.059,-138.528,10
729.3788,-293.1849,-457.8147,-103.2984,-41.9718,-10.3562,-22.296,-13.2932,-12.8236,-82.0263,-138.4733,10
730.951,-292.7654,-457.2032,-103.6582,-41.7996,-10.4803,-22.3425,-13.3348,-12.9252,-82.0042,-138.4206,10
731.7948,-292.3488,-456.4647,-104.0131,-41.6244,-10.3963,-22.245,-13.2794,-12.8973,-81.8843,-138.3099,10
732.9861,-291.7642,-455.8053,-104.3318,-41.6001,-10.3216,-22.0317,-13.2273,-12.9372,-81.8409,-138.2075,10
734.5533,-291.3281,-455.0273,-104.6475,-41.5285,-10.2534,-22.0772,-13.2155,-12.9053,-81.7605,-138.0887,10
1210.8465,-243.9466,-373.9231,-58.1155,-36.1086,-7.9172,-16.781,-13.4537,-9.5627,-65.101,-103.703,12
1212.6998,-249.9876,-383.4229,-59.7883,-37.0744,-8.4357,-17.2991,-13.7779,-9.6417,-66.8909,-106.4115,12
1214.5352,-255.3134,-392.0351,-61.4454,-37.7987,-8.8431,-17.5173,-14.0725,-9.7397,-68.7411,-109.2549,12
1216.3617,-260.0812,-399.7948,-62.8875,-38.4823,-9.187,-17.7984,-14.348,-9.7186,-69.9978,-111.8069,12
1218.1787,-264.1737,-406.803,-64.4511,-39.0864,-9.4557,-18.0444,-14.6188,-9.814,-71.1701,-114.1076,12
1220.0471,-267.8484,-413.0063,-66.0876,-39.7365,-9.7396,-17.9744,-14.8453,-9.9365,-72.1659,-116.1645,12
1221.9088,-271.0634,-418.1579,-67.6977,-40.2219,-9.987,-18.0795,-15.0204,-10.0965,-72.9729,-118.0403,12
1223.7196,-273.772,-422.7427,-69.4364,-40.5768,-10.1867,-18.1137,-15.0699,-10.16,-73.8337,-119.6665,12
1225.5729,-276.1525,-426.5989,-70.6648,-40.9895,-10.3788,-18.3345,-15.3493,-10.299,-74.5146,-121.1409,12
1227.4238,-278.3296,-429.9658,-71.8017,-41.2892,-10.5018,-18.5008,-15.3103,-10.4828,-75.044,-122.4838,12
1229.2638,-280.3884,-433.1529,-73.0865,-41.551,-10.6256,-18.7481,-15.1701,-10.5393,-75.7256,-123.8901,12
1231.097,-282.214,-436.0776,-74.3743,-41.6798,-10.6934,-18.7401,-15.2066,-10.7382,-76.3377,-125.138,12
1233.1069,-283.8413,-438.7485,-75.594,-41.8322,-10.7772,-19.0078,-15.3987,-10.6759,-76.8109,-126.2545,12
1234.5246,-285.2743,-441.0005,-76.7232,-41.9773,-10.8571,-19.0512,-15.3826,-10.6173,-77.3686,-127.2236,12
1236.3025,-286.5135,-443.131,-77.819,-42.15,-10.9299,-19.1022,-15.4482,-10.6035,-77.7702,-128.1156,12
1238.1065,-287.7102,-445.1896,-78.8716,-42.3118,-10.9922,-19.1774,-15.5693,-10.4622,-77.9973,-128.9277,12
1239.4825,-288.7273,-446.9359,-79.8463,-42.4126,-11.0459,-19.3439,-15.5844,-10.4589,-78.3805,-129.7138,12
1241.3069,-289.5463,-448.4022,-80.8221,-42.5229,-11.1332,-19.3599,-15.637,-10.4256,-78.6266,-130.4958,12
1242.7363,-290.2668,-449.6057,-81.7899,-42.6282,-11.2641,-19.4415,-15.6546,-10.476,-78.9732,-131.1639,12
1244.5652,-291.1883,-451.0485,-82.7106,-42.9265,-11.3553,-19.4537,-15.7049,-10.3844,-79.3141,-131.8556,12
1246.0297,-291.8682,-452.5521,-83.6155,-43.0548,-11.3812,-19.5303,-15.7196,-10.2607,-79.4278,-132.4962,12
1247.8394,-292.7017,-453.8832,-84.52,-43.1106,-11.3827,-19.5782,-15.7235,-10.1039,-79.4991,-133.1529,12
1249.2965,-293.4333,-455.4435,-85.2328,-43.3711,-11.4223,-19.7756,-15.7642,-10.1695,-79.6464,-133.761,12
1251.0853,-294.1691,-456.8706,-86.0748,-43.6009,-11.4373,-19.7563,-16.0162,-10.3083,-80.1508,-134.389,12
1252.918,-295.0863,-458.2654,-86.9411,-43.6744,-11.4073,-19.7877,-16.1073,-10.4554,-80.6472,-135.0156,12
1254.7694,-295.6316,-459.3679,-87.8399,-43.6781,-11.4094,-19.8293,-16.1268,-10.6543,-80.9607,-135.5962,12
1256.5902,-296.2198,-460.5082,-88.7942,-43.7067,-11.4698,-19.6823,-16.0702,-10.8798,-81.1647,-136.1589,12
1258.4167,-296.7835,-461.3524,-89.6494,-43.7953,-11.3492,-19.8117,-16.0857,-10.9205,-81.4001,-136.6774,12
1260.2281,-297.4883,-462.1584,-90.4059,-43.822,-11.3066,-19.9434,-15.9295,-10.9669,-81.639,-137.3112,12
1262.1022,-297.7492,-463.0479,-91.0377,-43.7892,-11.3419,-20.0281,-15.9418,-10.9676,-81.6656,-137.6973,12
1263.9,-298.2295,-463.9069,-91.8029,-43.786,-11.414,-20.0328,-15.9718,-11.0015,-81.9106,-138.1457,12
1265.8403,-298.7246,-464.7648,-92.6128,-43.8055,-11.4893,-20.1725,-16.0144,-11.0021,-82.136,-138.6698,12
1267.2759,-299.2645,-465.7452,-93.3896,-43.8407,-11.5557,-20.1045,-16.0092,-11.0341,-82.3493,-139.0793,12
1269.1114,-299.7786,-466.7164,-94.1791,-43.8422,-11.6526,-19.939,-15.9897,-11.0724,-82.3337,-139.3479,12
1270.9009,-300.1751,-467.4278,-94.7602,-43.8781,-11.71,-19.8814,-16.0102,-11.0302,-82.3796,-139.7278,12
1272.7497,-300.4767,-467.901,-95.45,-43.9276,-11.7091,-19.8052,-16.0058,-10.9259,-82.5806,-140.1407,12
1274.2087,-300.8268,-468.3052,-96.2216,-43.7826,-11.8104,-19.8619,-15.9955,-10.9371,-82.6344,-140.4728,12
1276.0309,-301.2313,-468.72,-96.9027,-43.7957,-11.8189,-20.1154,-15.9844,-10.9934,-82.8417,-140.8828,12
1277.9704,-301.72,-469.3271,-97.7099,-43.9093,-12.0397,-20.4442,-16.0579,-11.1011,-83.0018,-141.3392,12
1279.8667,-302.2814,-470.0304,-98.6625,-44.2561,-12.1009,-20.5447,-16.1118,-11.166,-83.2245,-141.8271,12
1281.7188,-302.6175,-470.9335,-99.3919,-44.3892,-12.1841,-20.5806,-16.1112,-11.2048,-83.4428,-142.2866,12
1283.146,-303.2128,-472.0296,-100.069,-44.465,-12.2157,-20.5462,-16.2484,-11.2668,-83.6425,-142.7811,12
1285.0283,-303.7575,-473.2851,-100.9221,-44.5421,-12.1954,-20.424,-16.2151,-11.2901,-83.8552,-143.2869,12
1286.8641,-304.3986,-474.3717,-101.7018,-44.5813,-12.322,-20.3727,-16.209,-11.2971,-84.3323,-143.8346,12
1288.3334,-305.067,-475.3924,-102.5597,-44.6453,-12.1668,-20.5591,-16.2471,-11.2963,-84.3616,-144.2634,12
1290.1922,-305.5057,-476.2305,-103.3665,-44.7498,-12.101,-20.6472,-16.3836,-11.295,-84.5159,-144.7343,12
1292.0625,-306.0084,-477.162,-104.0558,-44.8566,-11.9944,-20.6841,-16.332,-11.2949,-84.7284,-145.215,12
1293.9196,-306.7093,-478.3001,-104.6931,-44.9479,-12.0274,-20.6871,-16.2185,-11.4157,-85.0791,-145.7782,12
1295.7839,-307.354,-479.2527,-105.3149,-44.8987,-12.0639,-20.6439,-16.2163,-11.361,-85.5448,-146.2271,12
1297.6483,-307.9216,-480.0104,-106.1389,-45.0478,-11.9414,-20.6333,-16.263,-11.332,-85.7023,-146.6691,12
1299.5791,-308.3277,-480.7105,-106.6065,-45.0852,-11.9784,-20.5973,-16.3614,-11.3112,-85.8445,-147.0989,12
1300.9015,-308.6966,-481.2645,-107.1711,-44.9228,-12.0302,-20.48,-16.4562,-11.3449,-85.7184,-147.5236,12
1302.8593,-309.0746,-481.6164,-107.8091,-44.8639,-11.9293,-20.5108,-16.492,-11.2309,-85.9742,-147.8989,12
1304.7398,-309.1967,-481.8459,-108.4857,-44.8962,-11.9839,-20.391,-16.4973,-11.241,-86.2089,-148.2552,12
1306.5963,-308.9589,-481.8004,-108.9978,-45.0037,-12.0477,-20.3597,-16.449,-11.2914,-86.2128,-148.4845,12
1308.4999,-308.6558,-481.5058,-109.4992,-45.0332,-12.1542,-20.4375,-16.3895,-11.3948,-86.116,-148.6481,12
1309.9342,-308.5329,-481.401,-109.9676,-44.9834,-12.2128,-20.5487,-16.3341,-11.3738,-86.1607,-148.6948,12
1311.7874,-308.1299,-481.1352,-110.3676,-44.9066,-12.2461,-20.5287,-16.3288,-11.3889,-86.0591,-148.7879,12
1313.761,-307.7485,-480.7605,-110.8876,-44.7919,-12.2644,-20.5779,-16.3403,-11.3711,-85.8421,-148.8139,12
1315.6734,-307.3195,-480.3259,-111.3364,-44.5999,-12.2371,-20.8009,-16.1531,-11.3885,-85.8478,-148.663,12
1317.4901,-307.0043,-479.6698,-111.7368,-44.646,-12.1591,-20.6943,-16.039,-11.4121,-85.5359,-148.5545,12
1319.3572,-306.9022,-478.9589,-112.014,-44.6061,-12.356,-20.6792,-16.0056,-11.4337,-85.3992,-148.524,12
1321.2593,-306.6138,-478.1316,-112.3282,-44.5787,-12.3827,-20.6078,-15.9723,-11.5678,-85.4495,-148.5346,12
1323.14,-306.2131,-477.5452,-112.6877,-44.3815,-12.3862,-20.6197,-15.9367,-11.6787,-85.5267,-148.5532,12
1324.6203,-305.8146,-477.074,-113.0498,-44.2312,-12.3674,-20.8104,-15.8583,-11.8012,-85.5829,-148.6433,12
1326.4973,-305.4327,-476.4502,-113.3894,-44.1119,-12.3517,-21.0332,-15.8533,-11.6605,-85.7226,-148.6557,12
1327.9405,-305.2595,-475.9768,-113.7391,-43.9805,-12.2993,-20.984,-15.8708,-11.5659,-85.7368,-148.6671,12
1329.8546,-304.9999,-475.6968,-114.1091,-43.9325,-12.3212,-20.7514,-15.8903,-11.539,-85.8491,-148.6591,12
1331.6835,-304.7166,-475.358,-114.4184,-43.9496,-12.245,-20.8031,-15.8583,-11.5496,-85.7573,-148.7522,12
1333.647,-304.3412,-474.974,-114.7635,-43.9763,-12.1458,-20.7553,-15.8059,-11.526,-85.6736,-148.7268,12
1335.5856,-303.9917,-474.4263,-115.0909,-44.0251,-12.0889,-20.7203,-15.7882,-11.4875,-85.6206,-148.6808,12
1337.5072,-303.6966,-473.9014,-115.4256,-43.977,-12.019,-20.6748,-15.7812,-11.4456,-85.5745,-148.6441,12
1338.9515,-303.4545,-473.4112,-115.7683,-43.926,-12.0343,-20.7521,-15.8127,-11.3673,-85.4738,-148.8337,12
1815.2963,-283.9436,-436.365,-74.1839,-42.8784,-13.3612,-18.5045,-17.216,-9.8093,-78.9084,-124.6578,13
1817.121,-288.9716,-444.4159,-76.1684,-43.6842,-13.7575,-18.7945,-17.564,-9.8136,-80.5676,-127.5854,13
1819.0056,-293.1401,-451.4209,-77.9532,-44.3991,-14.4021,-19.0743,-17.6392,-9.8979,-81.9763,-130.3803,13
1820.9004,-296.5767,-457.4367,-79.7025,-44.9702,-14.7097,-19.229,-17.8467,-9.9649,-83.1594,-132.7545,13
1822.7964,-299.5688,-462.594,-81.3601,-45.4454,-15.1383,-19.4768,-18.0745,-10.0606,-84.1689,-134.7796,13
1824.294,-302.1075,-466.8247,-82.8937,-45.8166,-15.5295,-19.7212,-18.2854,-10.1486,-85.0147,-136.5868,13
1825.7702,-304.0633,-470.5038,-84.2664,-46.3009,-15.9017,-19.9337,-18.4503,-10.3027,-85.7676,-138.1153,13
1827.6573,-305.9967,-473.7009,-85.5767,-46.6372,-16.2022,-20.0991,-18.5732,-10.4568,-86.4279,-139.4662,13
1829.5041,-307.6807,-476.6506,-86.9949,-46.8765,-16.3118,-20.2646,-18.6642,-10.5884,-87.2522,-140.8623,13
1831.4102,-309.2848,-479.3476,-88.1692,-46.9632,-16.5382,-20.4088,-18.7327,-10.7296,-87.8652,-142.0635,13
1833.2364,-310.62,-481.8754,-89.4102,-47.1552,-16.8154,-20.5277,-18.8257,-10.7736,-88.2471,-143.1728,13
1835.1707,-311.9569,-484.3264,-90.6139,-47.5257,-17.0377,-20.6621,-18.916,-10.7785,-88.7366,-144.1941,13
1837.0205,-313.1871,-486.3109,-91.848,-47.7555,-17.2414,-20.7855,-18.9941,-10.7696,-89.1775,-145.3168,13
1838.9143,-314.379,-488.2428,-93.0385,-47.941,-17.4469,-21.0507,-19.0166,-10.7637,-89.642,-146.109,13
1840.8076,-315.512,-489.8373,-94.413,-48.2013,-17.6664,-21.288,-19.0581,-10.7636,-89.9366,-146.9492,13
1842.7005,-316.5152,-491.4668,-95.3426,-48.3825,-17.8593,-21.2424,-19.143,-10.7686,-90.2686,-147.5586,13
1844.6381,-317.5414,-493.0809,-96.3168,-48.516,-18.0147,-21.22,-19.3549,-10.7774,-90.7033,-148.2958,13
1846.5037,-318.3232,-494.8401,-97.3749,-48.6551,-18.0943,-21.0555,-19.4602,-10.7889,-91.0968,-149.0912,13
1848.3802,-319.1673,-496.4824,-98.429,-48.7863,-18.0984,-21.0837,-19.6709,-10.6422,-91.3942,-149.8853,13
1850.2443,-320.0868,-498.0956,-99.5049,-48.9041,-18.1996,-21.1394,-19.7225,-10.6648,-91.6686,-150.521,13
1852.158,-321.0476,-499.7083,-100.5688,-49.0061,-18.3664,-21.2081,-19.716,-10.8676,-91.9973,-151.251,13
1854.1116,-322.0155,-501.1422,-101.7766,-49.1349,-18.4971,-21.4673,-19.8463,-10.9933,-92.4012,-151.7942,13
1855.9523,-322.9767,-502.4358,-102.84,-49.2218,-18.793,-21.5585,-19.8943,-10.9058,-92.592,-152.486,13
1857.439,-323.8484,-503.5024,-103.8401,-49.2888,-18.9022,-21.6197,-19.7894,-10.8706,-92.8168,-153.2508,13
1859.3646,-324.6549,-504.7147,-104.9292,-49.3846,-18.9722,-21.6562,-19.6815,-10.7468,-93.1582,-153.9839,13
1861.3194,-325.2144,-505.7796,-105.8418,-49.4455,-19.0522,-21.7707,-19.6764,-10.743,-93.5207,-154.5961,13
1863.3436,-326.0632,-506.938,-106.6665,-49.5326,-19.095,-21.8205,-19.6784,-10.9021,-93.7735,-155.3582,13
1865.264,-326.8656,-508.0023,-107.6421,-49.6214,-19.2019,-21.6842,-19.6844,-11.1418,-94.0038,-155.9882,13
1867.1632,-327.6753,-509.0127,-108.6439,-49.7057,-19.3969,-21.6238,-19.9287,-11.2099,-94.211,-156.5682,13
1869.0801,-328.3236,-510.0173,-109.4182,-49.8206,-19.5576,-21.6883,-19.9822,-11.1609,-94.4438,-157.0822,13
1871.0211,-329.1506,-511.0404,-110.1788,-49.9347,-19.6804,-21.7607,-19.9606,-11.1967,-94.5903,-157.4282,13
1872.9111,-329.8849,-512.1222,-110.7715,-50.037,-19.7288,-21.7851,-20.0656,-11.1476,-94.824,-157.9113,13
1874.8406,-330.4881,-513.2217,-111.5389,-50.123,-19.7871,-21.8275,-20.0501,-11.2424,-95.151,-158.579,13
1876.7433,-330.909,-514.5569,-112.3647,-50.195,-19.8436,-21.9946,-20.0378,-11.3315,-95.5632,-159.1834,13
1878.7492,-331.4492,-515.7224,-113.2056,-50.296,-19.8958,-22.3063,-19.9828,-11.3712,-95.835,-159.7498,13
1880.2713,-332.0769,-516.7566,-113.9074,-50.4365,-19.9796,-22.3829,-19.9683,-11.3824,-96.0267,-160.2507,13
1880.7009,-332.6858,-517.6391,-114.522,-50.5735,-20.0638,-22.3605,-20.0114,-11.3842,-96.1725,-160.6971,13
1881.955,-333.3039,-518.3609,-115.123,-50.6496,-20.2171,-22.1828,-19.9508,-11.5069,-96.381,-161.1772,13
1883.6927,-333.8192,-519.2564,-115.9044,-50.6931,-20.3711,-22.1117,-19.7815,-11.4163,-96.717,-161.5173,13
1884.681,-334.2493,-519.8939,-116.7037,-50.7207,-20.4226,-22.0968,-19.598,-11.3856,-96.7412,-162.0353,13
1885.9972,-334.6882,-520.5553,-117.5353,-50.6229,-20.427,-22.114,-19.5243,-11.3775,-96.86,-162.2518,13
1887.6978,-335.0098,-520.9974,-118.3097,-50.6185,-20.4148,-22.1783,-19.5468,-11.431,-97.0009,-162.6092,13
1888.7087,-335.5427,-521.5834,-119.0104,-50.6501,-20.4441,-22.4103,-19.6009,-11.5765,-96.9537,-162.907,13
1890.0068,-335.8433,-522.2406,-119.6803,-50.5762,-20.486,-22.5074,-19.693,-11.6125,-97.0516,-163.2641,13
1891.7378,-336.0714,-522.6571,-120.342,-50.6319,-20.527,-22.5407,-19.7799,-11.6024,-97.1945,-163.5701,13
1892.7303,-336.1561,-522.9355,-121.004,-50.6837,-20.8398,-22.4994,-19.8493,-11.5744,-97.4688,-163.9215,13
1894.0061,-336.2719,-523.3722,-121.4661,-50.7302,-20.9604,-22.4058,-19.898,-11.5907,-97.4665,-164.2584,13
1895.6729,-336.4237,-523.6961,-122.2457,-50.7992,-21.0325,-22.3916,-19.9298,-11.5829,-97.4893,-164.6039,13
1896.6506,-336.686,-523.9343,-122.7165,-50.8631,-21.0223,-22.4518,-19.9489,-11.6088,-97.5162,-164.878,13
1897.9063,-336.8159,-524.1291,-123.2304,-50.8721,-20.9925,-22.4923,-19.9585,-11.6416,-97.4363,-165.1437,13
1899.5809,-336.9022,-524.3092,-123.8001,-50.8143,-21.0006,-22.4761,-19.9611,-11.6337,-97.4501,-165.3412,13
1900.571,-336.9751,-524.5171,-124.6105,-50.8169,-20.9825,-22.4792,-19.9583,-11.7712,-97.6953,-165.6211,13
1901.8195,-337.0531,-524.793,-125.4297,-50.8774,-21.1969,-22.4898,-19.9511,-11.779,-97.8689,-165.7785,13
1903.4835,-337.2515,-524.9712,-125.8903,-50.9453,-21.3774,-22.4631,-19.9402,-11.7809,-97.9818,-165.9998,13
1904.5235,-337.2253,-525.0369,-126.3473,-51.0747,-21.2361,-22.5849,-19.9263,-11.733,-97.9996,-166.1717,13
1905.8715,-337.2401,-525.0317,-126.8174,-50.9948,-21.1881,-22.5389,-19.9094,-11.6809,-97.938,-166.3087,13
1907.5857,-337.213,-525.0601,-127.2783,-51.083,-21.1803,-22.5998,-19.89,-11.6348,-97.9716,-166.3691,13
1908.6009,-337.1309,-525.1849,-127.9435,-50.9643,-21.1595,-22.48,-19.868,-11.6395,-98.2273,-166.4727,13
1909.9824,-336.978,-524.9213,-128.2556,-50.8685,-21.1279,-22.3197,-19.8435,-11.6212,-98.2736,-166.612,13
1911.7325,-336.4776,-524.6227,-128.67,-50.8154,-21.0919,-22.3217,-19.8165,-11.6364,-98.2187,-166.7371,13
1912.7776,-336.2599,-524.2086,-129.2411,-50.7431,-21.0972,-22.3066,-19.7871,-11.6579,-98.1504,-166.7834,13
1914.0576,-335.9801,-523.7611,-129.5474,-50.7001,-20.9923,-22.5255,-19.7551,-11.598,-98.1607,-166.8576,13
1915.8034,-335.6502,-523.2063,-130.0138,-50.6576,-20.9796,-22.5816,-19.7607,-11.5552,-98.0215,-166.9123,13
1916.9204,-335.3253,-522.5687,-130.2434,-50.5674,-21.1546,-22.5668,-19.8916,-11.5229,-97.9486,-166.9727,13
1918.2102,-334.9949,-521.9765,-130.5492,-50.4962,-21.1687,-22.4724,-19.7592,-11.6213,-97.8438,-166.9981,13
1919.9065,-334.4874,-521.3003,-130.887,-50.4249,-21.3516,-22.4058,-19.7031,-11.6674,-97.7258,-166.978,13
1920.9148,-333.9179,-520.8143,-131.2924,-50.2279,-21.1504,-22.3557,-19.6287,-11.6842,-97.6702,-166.8713,13
1922.2782,-333.5706,-520.2088,-131.5897,-50.1156,-21.1237,-22.315,-19.6031,-11.5989,-97.5772,-166.7546,13
1923.8998,-332.8724,-519.6657,-131.8922,-50.07,-20.9071,-22.2752,-19.4249,-11.5299,-97.4937,-166.6137,13
1924.9631,-332.1791,-518.7747,-132.1553,-49.9991,-20.9061,-22.2733,-19.3309,-11.5151,-97.3889,-166.4852,13
1926.2238,-331.5166,-518.0059,-132.4138,-49.9421,-20.9248,-22.1966,-19.3099,-11.4828,-97.4176,-166.3329,13
1927.9136,-330.9891,-516.8465,-132.512,-49.6312,-20.9876,-22.1358,-19.5149,-11.4442,-97.3293,-166.1443,13
1929.0525,-330.4256,-515.7408,-132.8584,-49.4937,-21.0368,-22.0788,-19.3127,-11.4428,-97.1712,-165.835,13
1930.4504,-329.4409,-514.5646,-132.9556,-49.412,-21.0226,-22.0253,-19.221,-11.4518,-96.9619,-165.7114,13
1932.152,-328.4314,-513.4969,-133.1086,-49.3462,-21.0154,-21.9696,-19.121,-11.4186,-96.8056,-165.45,13
1933.2406,-327.4622,-512.1102,-133.2751,-49.2578,-21.0005,-21.8701,-19.0801,-11.5685,-96.3661,-165.1562,13
1934.5535,-326.6391,-510.4153,-133.5388,-49.1418,-20.9758,-21.8384,-19.0466,-11.3944,-96.0441,-164.8142,13
1936.2283,-325.4685,-508.684,-133.6554,-48.9617,-20.9382,-21.7436,-18.9672,-11.4878,-95.7584,-164.4775,13
1937.2727,-324.2182,-506.8263,-133.8791,-48.8338,-20.8891,-21.6298,-18.9071,-11.2875,-95.5278,-164.0745,13
1938.5152,-322.9845,-504.8157,-133.8372,-48.6307,-20.8706,-21.55,-19.0481,-11.1826,-95.1681,-163.666,13
1940.1534,-321.7337,-502.9211,-133.8058,-48.439,-20.8126,-21.6838,-19.0251,-11.1086,-94.7561,-163.2285,13
1941.2398,-320.4733,-500.9738,-133.7462,-48.4015,-20.7755,-21.5387,-18.9292,-11.1049,-94.2846,-162.7972,13
1942.4563,-319.1152,-499.0298,-133.7034,-48.0699,-20.7355,-21.459,-18.7558,-11.1154,-93.886,-162.2562,13
1944.131,-317.5975,-497.0425,-133.6742,-47.8046,-20.7271,-21.3493,-18.5726,-11.1206,-93.5897,-161.7382,13
2420.7504,-311.967,-479.6491,-88.3976,-47.3247,-18.687,-20.0487,-19.7449,-10.5982,-87.8287,-136.905,15
2422.3994,-314.7448,-484.3631,-89.8017,-47.6591,-18.8904,-20.2514,-19.9367,-10.6073,-88.4906,-138.5978,15
2424.0022,-317.2627,-488.6257,-91.2461,-47.9912,-19.0617,-20.5318,-19.8677,-10.6459,-89.2394,-140.2385,15
2425.5815,-319.59,-492.5281,-92.5809,-48.0731,-19.324,-20.6516,-19.9584,-10.7622,-89.9276,-141.8977,15
2427.2239,-321.7854,-496.1873,-93.8406,-48.3422,-19.5088,-20.7736,-20.0981,-10.8222,-90.6365,-143.34,15
2428.8284,-323.728,-499.4805,-95.1324,-48.7253,-19.6885,-21.0774,-20.2479,-10.8923,-91.1355,-144.5597,15
2430.4197,-325.3761,-502.347,-96.4602,-48.8698,-19.8446,-21.0508,-20.3724,-11.0332,-91.6251,-145.71,15
2432.101,-326.8026,-504.8733,-97.7796,-49.0661,-19.9028,-21.1136,-20.4697,-10.9827,-92.136,-146.79,15
2433.3365,-328.1975,-507.3153,-99.2332,-49.4556,-20.0084,-21.2348,-20.6254,-10.9533,-92.6469,-147.772,15
2434.9198,-329.7582,-509.4251,-100.4135,-49.6349,-20.0876,-21.539,-20.7417,-10.7752,-93.0613,-148.6963,15
2436.167,-331.088,-511.4458,-101.7413,-49.7976,-20.2018,-21.5409,-20.7899,-10.784,-93.5996,-149.5895,15
2437.4299,-332.2345,-513.5109,-102.619,-50.0101,-20.4012,-21.4764,-20.8464,-10.8199,-93.9234,-150.4291,15
2439.056,-333.2369,-515.6365,-103.6045,-50.1883,-20.4542,-21.676,-21.0224,-10.91,-94.1898,-151.1744,15
2440.726,-333.992,-517.4886,-104.6219,-50.417,-20.4982,-21.759,-20.9801,-10.9597,-94.534,-151.9459,15
2441.9951,-334.8193,-518.9857,-105.6696,-50.4759,-20.5818,-21.7945,-20.9888,-11.0298,-94.889,-152.7046,15
2443.7096,-335.7404,-520.1957,-106.6766,-50.5576,-20.6871,-21.8802,-20.9726,-11.097,-95.3013,-153.4411,15
2444.9627,-336.5547,-521.3242,-107.59,-50.6035,-20.7573,-22.1028,-21.2045,-11.1571,-95.4923,-154.11,15
2446.5796,-337.5121,-522.421,-108.5275,-50.6885,-20.8557,-21.9871,-21.0894,-11.2067,-95.6414,-154.7885,15
2448.2233,-338.3992,-523.7056,-109.4907,-50.784,-20.9219,-21.9708,-21.1528,-11.2474,-95.7772,-155.503,15
2449.9103,-339.1594,-525.0183,-110.479,-50.8812,-21.062,-21.9923,-21.2226,-11.3215,-95.9246,-156.0993,15
2451.5416,-339.8988,-526.2954,-111.4831,-51.1333,-21.1789,-22.0461,-21.3442,-11.3589,-96.322,-156.7769,15
2452.787,-340.5878,-527.4277,-112.4178,-51.0919,-21.2843,-22.1029,-21.3793,-11.5403,-96.7341,-157.3131,15
2454.4446,-341.3052,-528.3647,-113.3439,-51.1225,-21.3791,-22.1157,-21.3807,-11.6655,-97.1532,-157.8574,15
2456.1301,-342.0677,-529.4791,-114.2849,-51.3775,-21.43,-22.3155,-21.3712,-11.675,-97.5236,-158.4519,15
2457.7578,-342.7946,-530.7184,-115.0907,-51.2969,-21.6712,-22.3162,-21.3663,-11.6369,-97.8837,-158.874,15
2459.4178,-343.5774,-532.1234,-116.0855,-51.3544,-21.796,-22.3724,-21.4081,-11.7131,-97.9276,-159.463,15
2461.0441,-344.3973,-533.3819,-117.0749,-51.4516,-21.8744,-22.4356,-21.1832,-11.7458,-97.997,-160.0718,15
2462.7047,-345.2032,-534.6851,-118.0367,-51.574,-21.9277,-22.3058,-21.1812,-11.7215,-98.2485,-160.7742,15
2464.3556,-346.1719,-535.9289,-118.9111,-51.6876,-21.8223,-22.3289,-21.2604,-11.6776,-98.4837,-161.4041,15
2465.6086,-346.9792,-537.1349,-119.7799,-51.827,-21.8512,-22.1673,-21.3317,-11.6787,-98.8166,-161.9996,15
2466.5897,-347.4541,-538.2626,-120.5934,-51.8812,-21.8971,-22.2189,-21.4205,-11.7009,-99.146,-162.5748,15
2468.2584,-348.1764,-539.3907,-121.4239,-51.9443,-21.9618,-22.1358,-21.5006,-11.5302,-99.4454,-163.144,15
2469.8995,-348.5681,-540.4226,-122.1703,-52.0064,-22.069,-22.2711,-21.5281,-11.5175,-99.7026,-163.6295,15
2471.5038,-348.8382,-541.2959,-123.1314,-51.949,-22.2664,-22.3376,-21.5728,-11.4455,-100.0833,-164.1345,15
2473.1421,-349.171,-542.2052,-123.9763,-52.0236,-22.3963,-22.3796,-21.698,-11.3351,-100.2676,-164.6113,15
2474.7874,-349.6091,-542.9747,-124.7684,-52.1397,-22.3706,-22.4794,-21.7158,-11.3829,-100.571,-165.0893,15
2476.5831,-350.2575,-543.5614,-125.5233,-52.0237,-22.3798,-22.8309,-21.732,-11.4855,-100.4794,-165.5322,15
2478.403,-350.7483,-544.1246,-126.1077,-52.0413,-22.2142,-23.0207,-21.782,-11.5957,-100.6454,-165.9734,15
2480.0729,-351.1305,-544.6093,-127.0557,-52.1073,-22.2293,-23.0812,-21.802,-11.8454,-100.6863,-166.422,15
2481.3681,-351.4301,-545.0047,-127.6189,-52.2356,-22.3151,-23.1158,-21.8881,-11.785,-100.868,-166.7999,15
2482.3555,-351.7627,-545.5479,-128.2753,-52.3622,-22.4311,-23.2652,-21.8626,-11.9038,-101.1518,-167.2467,15
2484.0213,-352.037,-546.2586,-128.9552,-52.4691,-22.6211,-23.4784,-21.7226,-11.942,-101.2456,-167.5592,15
2485.6875,-352.2647,-546.9119,-129.6647,-52.5117,-22.7742,-23.3617,-21.6803,-11.9605,-101.3809,-167.8876,15
2487.4115,-352.5288,-547.1784,-130.3756,-52.5259,-22.8179,-23.1005,-21.5648,-11.96,-101.6346,-168.0344,15
2488.6572,-352.8542,-547.5547,-131.0396,-52.5691,-22.8599,-23.0272,-21.606,-11.9973,-101.8679,-168.5653,15
2489.6221,-353.3554,-548.0057,-131.6859,-52.6586,-22.9841,-23.0494,-21.6113,-12.0039,-102.1009,-168.7331,15
2490.9142,-353.437,-548.4746,-132.5267,-52.7112,-22.9703,-23.1086,-21.606,-11.9994,-102.1766,-169.0542,15
2491.9272,-353.5868,-548.6672,-133.0073,-52.7395,-22.9958,-23.163,-21.6296,-12.1504,-102.2693,-169.301,15
2493.5655,-353.7193,-549.0387,-133.7427,-52.791,-23.0343,-23.2043,-21.6603,-12.055,-102.4361,-169.5976,15
2495.261,-353.8302,-549.2407,-134.1812,-52.8421,-23.0848,-23.1933,-21.6873,-12.2069,-102.6115,-170.0721,15
2496.979,-354.1323,-549.3807,-134.7569,-52.8828,-23.1357,-23.2447,-21.8648,-12.1359,-102.681,-170.2309,15
2498.6648,-354.1125,-549.6779,-135.2915,-52.9082,-23.1838,-23.3096,-21.7853,-12.088,-102.7769,-170.3394,15
2500.4154,-354.1541,-549.8767,-135.7128,-52.9196,-23.2286,-23.5299,-21.7832,-12.2033,-102.8247,-170.5716,15
2502.1001,-354.1697,-549.9682,-136.2702,-52.9196,-23.2702,-23.6059,-21.7587,-12.1291,-103.0887,-170.8319,15
2503.8234,-353.8717,-550.028,-136.8384,-52.91,-23.3087,-23.5753,-21.7789,-12.0768,-103.0616,-171.0648,15
2505.4897,-353.7828,-550.014,-137.4922,-52.8126,-23.3844,-23.5813,-21.7635,-12.1119,-103.0096,-171.2847,15
2507.187,-353.7373,-549.9146,-138.0702,-52.7722,-23.4253,-23.7633,-21.8547,-12.0617,-102.9788,-171.462,15
2508.8637,-353.6783,-549.6075,-138.5708,-52.7912,-23.4507,-23.6206,-21.8835,-12.1463,-103.0051,-171.6321,15
2510.544,-353.5967,-549.2768,-139.0798,-52.8639,-23.5477,-23.6577,-21.8823,-12.1403,-103.1171,-171.8449,15
2512.2238,-353.4569,-548.9452,-139.5513,-52.9319,-23.5792,-23.7816,-21.7803,-12.146,-103.1082,-171.9101,15
2513.9074,-353.3327,-548.6988,-140.0124,-52.8946,-23.5848,-23.8086,-21.7359,-12.1869,-103.0012,-172.0185,15
2515.6681,-353.162,-548.4581,-140.4679,-52.6918,-23.4984,-23.7424,-21.6747,-12.1964,-103.0967,-172.2668,15
2517.3602,-352.9658,-548.2651,-141.001,-52.6898,-23.5172,-23.6042,-21.6154,-12.2705,-103.0384,-172.3937,15
2519.0468,-352.8669,-548.1147,-141.6254,-52.712,-23.5327,-23.5421,-21.6771,-12.2717,-102.8392,-172.472,15
2520.7302,-352.6914,-547.9133,-142.0488,-52.8127,-23.5491,-23.7154,-21.567,-12.2858,-102.7904,-172.3288,15
2522.0319,-352.4219,-547.5036,-142.3517,-52.821,-23.5583,-23.6224,-21.3257,-12.4163,-102.7092,-172.3068,15
2523.6902,-352.0156,-546.933,-142.4592,-52.6989,-23.5637,-23.5987,-21.3827,-12.2885,-102.6517,-172.1025,15
2525.3119,-351.5214,-546.3194,-142.6664,-52.5693,-23.5262,-23.5063,-21.3785,-12.2041,-102.5384,-172.121,15
2526.8663,-350.9651,-545.4697,-142.9365,-52.4441,-23.518,-23.49,-21.3507,-12.0999,-102.4779,-172.0135,15
2528.4958,-350.4817,-544.5004,-143.0877,-52.3274,-23.5201,-23.2517,-21.3358,-12.0941,-102.4159,-171.847,15
2530.0885,-349.7401,-543.3781,-143.2178,-52.1727,-23.4851,-23.1665,-21.2831,-12.1184,-102.2143,-171.7122,15
2531.3517,-348.7755,-542.316,-143.4056,-52.0086,-23.4782,-23.1781,-21.297,-12.1069,-101.9587,-171.5703,15
2532.3081,-347.9038,-541.1258,-143.7159,-51.8461,-23.4389,-23.1846,-21.2814,-12.2764,-101.8495,-171.3614,15
2533.5741,-346.9935,-539.7125,-143.8641,-51.9299,-23.3923,-23.0914,-21.169,-12.1588,-101.4598,-171.3065,15
2534.5331,-346.1144,-538.4181,-144.0473,-51.626,-23.3848,-23.0434,-21.0656,-12.114,-101.1943,-170.9396,15
2536.1305,-345.1456,-537.1459,-144.2053,-51.6069,-23.3494,-23.0499,-21.0522,-12.1288,-100.888,-170.7021,15
2537.726,-344.0988,-535.6913,-144.4107,-51.2963,-23.3447,-23.0286,-20.9459,-12.0514,-100.6268,-170.3577,15
2539.3918,-343.0204,-534.1426,-144.4688,-51.0027,-23.304,-23.0665,-20.9303,-11.9837,-100.3724,-170.0175,15
2540.9764,-341.9701,-532.4616,-144.5332,-50.9598,-23.2921,-23.1853,-20.853,-12.0417,-100.0761,-169.6553,15
2542.226,-340.917,-530.6543,-144.572,-50.839,-23.2439,-22.9831,-20.7977,-12.0551,-99.9614,-169.2735,15
2543.4409,-339.8011,-528.8067,-144.6237,-50.6789,-23.2246,-22.9216,-20.7011,-11.9237,-99.8386,-168.8674,15
2545.0489,-338.761,-526.9472,-144.7696,-50.5269,-23.1692,-22.8628,-20.6338,-11.829,-99.5608,-168.4364,15
2546.6962,-337.6285,-525.1172,-144.7023,-50.3347,-23.0627,-22.8153,-20.5322,-11.7587,-99.0467,-168.1004,15
2548.366,-336.473,-523.1914,-144.6208,-50.1267,-22.9841,-22.797,-20.5013,-11.7483,-98.6317,-167.8437,15
3025.0995,-122.7854,-247.9146,-43.8562,8.0282,-14.8727,-1.4305,-5.4378,-0.47116,-27.5465,-45.2071,11
3026.4065,-123.2552,-249.4293,-44.1599,7.6886,-14.9183,-1.4465,-5.4373,-0.42516,-27.8936,-45.519,11
3027.6584,-123.7285,-250.821,-44.5392,7.9702,-14.9705,-1.4408,-5.4608,-0.35867,-28.1177,-45.7868,11
3028.88,-124.1778,-252.15,-44.9357,7.8147,-14.8512,-1.473,-5.5216,-0.45245,-28.427,-46.0437,11
3030.1667,-124.6823,-253.2833,-45.3334,7.9023,-14.847,-1.5118,-5.707,-0.43519,-28.2766,-46.3035,11
3031.3964,-125.0192,-254.5267,-45.7165,7.5963,-14.8836,-1.5488,-5.6284,-0.38342,-28.2762,-46.6128,11
3032.6226,-125.3362,-255.4909,-46.0451,7.1812,-14.9755,-1.5788,-5.7468,-0.40165,-28.3307,-46.8189,11
3033.5319,-125.6862,-256.4479,-46.3149,7.5425,-15.0655,-1.5621,-5.9123,-0.44983,-28.4234,-46.9631,11
3034.8189,-126.0536,-257.3225,-46.6142,7.6652,-15.1375,-1.6123,-5.842,-0.34439,-28.5131,-47.108,11
3036.0691,-126.3826,-258.1603,-46.972,7.7295,-15.1477,-1.5999,-5.8489,-0.39882,-28.6318,-47.2835,11
3037.3359,-126.8173,-259.0106,-47.51,8.0077,-15.1723,-1.61,-5.8014,-0.38303,-28.7479,-47.4931,11
3038.6442,-127.1137,-259.853,-47.7993,7.9343,-15.1969,-1.8244,-5.7545,-0.63401,-28.8514,-47.6901,11
3039.8953,-127.4085,-260.6001,-47.9645,7.7101,-15.2182,-1.6823,-5.7519,-0.53496,-28.9787,-47.8987,11
3041.1631,-127.5839,-261.3528,-48.2243,7.7767,-15.2719,-1.7546,-5.9694,-0.45162,-29.2207,-48.0858,11
3042.4038,-127.9079,-262.3074,-48.5028,7.5559,-15.3267,-1.6438,-5.8332,-0.45681,-29.1521,-48.2447,11
3043.6565,-128.2464,-262.8659,-48.7627,7.3948,-15.3313,-1.7833,-5.7908,-0.51191,-29.1876,-48.3762,11
3044.9222,-128.5541,-263.4707,-49.0635,7.3887,-15.1933,-1.7805,-5.9002,-0.53667,-29.2555,-48.5263,11
3046.3183,-128.6472,-264.0641,-49.3453,7.7768,-15.1439,-1.6571,-5.8251,-0.58432,-29.505,-48.6689,11
3047.5743,-128.7802,-264.695,-49.5913,8.1645,-15.1343,-1.6196,-5.8916,-0.63354,-29.6604,-48.8357,11
3048.4614,-129.0799,-265.2722,-49.8374,7.7254,-15.2648,-1.6273,-5.9923,-0.67956,-29.7617,-48.952,11
3049.7253,-129.133,-265.8541,-50.0996,8.4039,-15.1381,-1.6571,-6.0204,-0.75811,-29.8254,-49.0804,11
3051.0793,-129.4177,-266.419,-50.4217,8.499,-15.0156,-1.7666,-6.0119,-0.71799,-29.8758,-49.1998,11
3052.3732,-129.4639,-266.9647,-50.6079,8.6491,-15.0256,-1.8873,-6.0312,-0.72413,-29.8809,-49.3472,11
3053.6895,-129.6401,-267.4092,-50.8488,8.661,-15.0117,-1.9136,-6.0223,-0.7467,-30.0754,-49.4884,11
3054.9362,-129.8337,-268.0194,-51.0823,8.9331,-15.0279,-1.9392,-6.0471,-0.81967,-30.153,-49.613,11
3056.286,-130.0241,-268.3838,-51.3362,8.9743,-15.0435,-1.8812,-5.9997,-0.81923,-30.0237,-49.718,11
3057.5532,-130.1461,-268.7564,-51.6476,8.7723,-15.0558,-1.8877,-5.9765,-0.79445,-29.997,-49.9668,11
3058.8049,-130.3522,-269.2532,-51.9039,8.5851,-15.0609,-1.877,-6.0055,-0.76551,-29.9426,-50.1155,11
3060.0489,-130.4446,-269.8753,-52.1122,8.247,-15.2596,-1.8669,-5.9734,-0.74601,-30.1015,-50.2122,11
3061.3472,-130.5722,-270.3489,-52.2803,7.9623,-15.0934,-1.857,-5.9645,-0.77677,-30.1112,-50.4345,11
3062.6161,-130.6952,-270.7128,-52.3828,7.7038,-15.0195,-1.8513,-6.0042,-0.78373,-30.0327,-50.5178,11
3063.9041,-130.8494,-271.0381,-52.5799,7.0275,-14.9782,-1.7296,-6.0596,-0.98382,-30.0504,-50.5461,11
3064.8106,-130.9147,-271.3673,-52.8338,6.3113,-14.9694,-1.7072,-6.1117,-0.90237,-30.1522,-50.5495,11
3065.7168,-130.9437,-271.6312,-53.0832,5.6992,-14.9652,-1.7255,-6.0333,-1.0571,-30.2762,-50.556,11
3066.9744,-131.0792,-272.0106,-53.179,5.9679,-14.9585,-1.8027,-6.2011,-0.86588,-30.3478,-50.5705,11
3068.2725,-131.3205,-272.31,-53.3341,6.7977,-14.948,-1.9256,-6.0717,-0.79742,-30.4298,-50.6319,11
3069.5314,-131.3673,-272.5942,-53.658,7.4985,-14.9345,-2.0055,-6.0232,-0.8152,-30.4258,-50.7059,11
3071.1421,-131.4555,-272.8787,-54.0894,7.8069,-14.8786,-2.0563,-6.0406,-0.84094,-30.4775,-50.8179,11
3072.7682,-131.7834,-273.0574,-54.2985,7.5853,-14.8529,-2.0878,-6.0545,-0.90274,-30.5834,-50.9287,11
3073.708,-131.7175,-273.3042,-54.4372,7.2178,-14.9988,-2.0306,-6.1017,-0.92734,-30.8593,-51.0257,11
3074.9867,-131.7599,-273.5887,-54.6146,6.7936,-15.0613,-1.9928,-6.1114,-0.93883,-30.7526,-51.1851,11
3076.3972,-132.0649,-274.0181,-54.6379,6.92,-15.0387,-1.97,-6.108,-0.94563,-30.846,-51.2254,11
3077.6888,-132.0362,-274.1981,-54.6541,7.3522,-15.0172,-1.9618,-6.1399,-0.99482,-30.8315,-51.2609,11
3078.615,-132.0467,-274.3873,-54.7523,7.4724,-14.9598,-1.9607,-6.1421,-1.0554,-31.0413,-51.4893,11
3079.9117,-132.0974,-274.751,-54.9217,7.3209,-14.9382,-1.9636,-6.2547,-1.0741,-30.8901,-51.5595,11
3081.2386,-132.1715,-275.0179,-55.0595,7.4875,-14.888,-1.9689,-6.1882,-1.0766,-30.841,-51.6045,11
3082.5351,-132.2789,-275.2114,-55.2097,7.5608,-14.8732,-2.1358,-6.1504,-1.196,-30.8286,-51.6669,11
3083.8242,-132.498,-275.3834,-55.3467,7.7225,-14.8679,-2.2157,-6.1645,-1.3042,-30.851,-51.6962,11
3085.1095,-132.4407,-275.5287,-55.5078,7.6365,-14.8642,-2.2133,-6.2845,-1.2355,-30.8791,-51.752,11
3086.4673,-132.49,-275.6864,-55.6593,7.6038,-14.8561,-2.1756,-6.1826,-1.1922,-30.9452,-51.9294,11
3087.7802,-132.5222,-275.8649,-55.8317,7.8346,-14.8031,-2.1772,-6.1356,-1.1297,-30.9759,-51.8861,11
3089.0609,-132.4337,-275.9837,-55.9507,8.1777,-14.8581,-2.1177,-6.1121,-1.1625,-30.9907,-51.8911,11
3090.3801,-132.427,-276.3408,-56.1193,8.4264,-14.779,-2.1684,-6.1526,-1.1464,-31.0374,-51.8686,11
3091.682,-132.4884,-276.3641,-56.2449,8.5519,-14.702,-2.2105,-6.1272,-1.1607,-31.0513,-51.9321,11
3092.9788,-132.6073,-276.5037,-56.3842,8.4116,-14.6684,-2.168,-6.1621,-1.1439,-31.2532,-51.9749,11
3094.3219,-132.6799,-276.6077,-56.5103,8.285,-14.6179,-2.1385,-6.1716,-1.3258,-31.1301,-52.0859,11
3095.5992,-132.7572,-276.7738,-56.6198,8.4303,-14.6047,-2.2409,-6.3346,-1.393,-31.0727,-52.0413,11
3096.9282,-132.7771,-276.8438,-56.7512,8.6244,-14.7603,-2.2605,-6.2447,-1.4142,-31.2401,-52.03,11
3098.3236,-132.8102,-276.9433,-56.8759,8.4865,-14.6286,-2.208,-6.2802,-1.5304,-31.3582,-52.03,11
3099.6394,-132.8767,-277.0278,-57.0245,8.3618,-14.5684,-2.1737,-6.2685,-1.5524,-31.5967,-52.082,11
3100.9277,-132.8613,-277.2901,-57.0423,8.1838,-14.5709,-2.3577,-6.2546,-1.5031,-31.4704,-52.1428,11
3102.278,-132.892,-277.5241,-57.1356,8.1137,-14.4848,-2.1959,-6.2762,-1.5153,-31.3972,-52.3169,11
3103.5566,-132.9265,-277.6216,-57.2048,8.1746,-14.4116,-2.1763,-6.3502,-1.5168,-31.429,-52.2221,11
3104.8257,-132.8342,-277.6758,-57.345,8.2785,-14.4669,-2.1628,-6.3924,-1.4821,-31.3906,-52.2053,11
3106.1986,-132.8617,-277.816,-57.409,8.0602,-14.3599,-2.1326,-6.3754,-1.6414,-31.3697,-52.2137,11
3107.0531,-132.8807,-277.9588,-57.6809,8.9585,-14.3261,-2.3758,-6.3382,-1.4907,-31.4339,-52.2421,11
3108.3031,-133.0923,-278.068,-57.785,9.2364,-14.3132,-2.2404,-6.342,-1.4595,-31.4032,-52.2682,11
3109.6128,-133.0057,-278.1699,-57.8596,9.2244,-14.3134,-2.194,-6.2832,-1.5119,-31.4225,-52.3275,11
3110.8119,-133.0184,-278.2389,-57.7849,8.6182,-14.5096,-2.1361,-6.2126,-1.5662,-31.3329,-52.5484,11
3112.0641,-132.9675,-278.4719,-57.8397,8.4882,-14.3392,-2.3838,-6.1879,-1.5713,-31.4232,-52.4714,11
3113.2659,-133.1873,-278.551,-57.8962,9.1235,-14.2989,-2.2587,-6.1877,-1.5591,-31.3611,-52.4167,11
3114.5544,-133.0548,-278.467,-58.0335,9.3193,-14.2975,-2.2219,-6.1979,-1.5486,-31.3391,-52.37,11
3115.7843,-133.0102,-278.3129,-58.1346,9.6251,-14.2428,-2.2912,-6.2089,-1.5878,-31.3262,-52.3463,11
3116.9809,-132.9022,-278.1479,-58.2095,9.4503,-14.4054,-2.288,-6.2185,-1.6443,-31.366,-52.3312,11
3118.1932,-132.7559,-278.1539,-58.3019,9.3162,-14.4134,-2.4962,-6.2666,-1.783,-31.3758,-52.3595,11
3119.3903,-132.7238,-277.8843,-58.3496,8.9719,-14.2827,-2.5039,-6.2815,-1.8124,-31.4122,-52.3968,11
3120.6838,-132.8904,-277.6598,-58.4562,8.6689,-14.0674,-2.4848,-6.1228,-1.8424,-31.4495,-52.3897,11
3121.9238,-132.8134,-277.4999,-58.4873,8.7479,-14.0584,-2.4509,-6.0858,-1.8691,-31.522,-52.4438,11
3123.1193,-132.7647,-277.502,-58.5297,8.8037,-13.9661,-2.4287,-6.1007,-1.9808,-31.3931,-52.4289,11
3124.3402,-132.7135,-277.418,-58.7676,8.7233,-13.9767,-2.4169,-6.3407,-1.91,-31.3311,-52.4313,11
3125.536,-132.7496,-277.5314,-58.6422,9.0318,-13.9682,-2.413,-6.258,-1.9101,-31.3401,-52.434,11
3126.7935,-132.6364,-277.2276,-58.4862,8.9957,-13.9543,-2.4145,-6.0712,-2.0571,-31.3014,-52.517,11
3128.0335,-132.4342,-277.0424,-58.4551,9.4493,-14.0909,-2.2198,-6.0274,-2.0078,-31.4467,-52.4118,11
3129.2513,-132.3351,-276.8943,-58.4918,9.3482,-14.0557,-2.3077,-6.098,-1.9775,-31.3905,-52.4127,11
3130.5247,-132.2821,-276.9361,-58.5877,8.8812,-13.8792,-2.2052,-6.163,-1.9574,-31.352,-52.3647,11
3131.7926,-132.4036,-276.6853,-58.7635,8.7335,-13.8675,-2.2624,-6.2089,-1.9999,-31.3155,-52.3124,11
3133.0675,-132.4283,-276.5389,-58.8179,8.9506,-13.9197,-2.2766,-6.237,-2.0221,-31.3333,-52.3379,11
3134.3091,-132.3573,-276.5353,-58.8571,8.9206,-13.8674,-2.3252,-6.3357,-2.0386,-31.3242,-52.3461,11
3135.599,-132.3189,-276.4466,-58.9998,8.9905,-13.812,-2.3732,-6.3651,-2.2537,-31.4242,-52.3833,11
3136.8432,-132.2059,-276.2228,-59.0411,9.6305,-13.7968,-2.3777,-6.4056,-2.1527,-31.5429,-52.3772,11
3138.1034,-132.2299,-276.065,-59.0778,9.3871,-13.8786,-2.4063,-6.4004,-2.2002,-31.3281,-52.353,11
3139.4067,-132.2382,-275.9651,-59.0597,9.4584,-13.7362,-2.441,-6.3831,-2.2095,-31.3394,-52.3601,11
3140.6382,-131.9834,-275.8304,-59.1476,9.1628,-13.7684,-2.3564,-6.3635,-2.2646,-31.4663,-52.414,11
3141.932,-131.8478,-275.7016,-59.1371,9.2638,-13.7684,-2.4429,-6.2685,-2.2851,-31.3867,-52.3914,11
3143.1577,-131.9162,-275.5521,-59.1323,8.9921,-13.7219,-2.419,-6.1622,-2.3374,-31.2702,-52.3776,11
3144.3756,-131.7972,-275.3781,-59.3224,9.005,-13.6916,-2.4469,-6.1493,-2.3968,-31.2303,-52.321,11
3145.6513,-131.7199,-275.2577,-59.3938,8.9386,-13.628,-2.5226,-6.1759,-2.4166,-31.231,-52.3753,11
3146.9157,-131.6364,-275.0894,-59.487,8.511,-13.4792,-2.531,-6.2135,-2.4231,-31.2427,-52.3733,11
3148.1751,-131.5082,-274.9226,-59.4797,8.6063,-13.3966,-2.5934,-6.2851,-2.4291,-31.2082,-52.3462,11
3149.4705,-131.3951,-274.7287,-59.359,8.8763,-13.3868,-2.5846,-6.3164,-2.5215,-31.1965,-52.3416,11
3150.7991,-131.2372,-274.5043,-59.4103,8.781,-13.363,-2.6367,-6.328,-2.5564,-31.2696,-52.3008,11
3152.0218,-131.1414,-274.248,-59.3142,8.381,-13.329,-2.5414,-6.3688,-2.5707,-31.1981,-52.3661,11
3153.289,-130.9317,-274.003,-59.5,8.1651,-13.2878,-2.5333,-6.3751,-2.5771,-31.1189,-52.2089,11
3154.6468,-130.9647,-273.7007,-59.5432,8.1041,-13.3257,-2.5564,-6.3684,-2.5881,-31.0793,-52.1492,11
3630.4386,-148.0325,-308.977,-47.268,-10.1199,-10.6065,-1.6643,-7.295,-2.0088,-38.042,-55.8609,21
3631.7949,-148.5025,-310.3712,-47.835,-10.3375,-10.691,-1.7224,-7.2382,-1.8563,-38.2179,-56.1272,21
3633.1446,-148.9832,-311.68,-48.1648,-10.1546,-10.7327,-1.7826,-7.2817,-1.8903,-38.4386,-56.2152,21
3634.542,-149.4202,-313.1512,-48.5475,-9.5109,-10.7156,-1.8363,-7.2758,-1.9838,-38.5674,-56.4792,21
3635.9296,-149.9238,-314.2132,-48.9878,-9.4478,-10.6812,-2.0789,-7.2986,-2.096,-38.7309,-56.7428,21
3637.267,-150.3242,-315.1677,-49.3793,-9.5065,-10.6905,-2.1523,-7.3246,-2.1895,-38.8498,-57.1117,21
3638.6234,-150.6595,-316.2499,-49.7976,-10.0627,-10.7592,-1.9548,-7.3519,-2.3807,-38.9886,-57.5499,21
3639.9586,-150.9888,-317.3532,-50.2264,-10.9643,-10.7617,-1.8838,-7.4156,-2.3377,-39.2814,-57.8831,21
3641.3228,-151.5429,-318.5415,-50.6244,-11.167,-10.7809,-1.9993,-7.4036,-2.3394,-39.2358,-58.1401,21
3642.7008,-151.7675,-319.575,-51.0179,-10.2667,-10.8833,-1.9772,-7.4478,-2.5532,-39.246,-58.3448,21
3644.1283,-152.2332,-320.5997,-51.4184,-10.0591,-10.8056,-1.984,-7.4249,-2.5016,-39.3587,-58.5624,21
3645.4677,-152.5766,-321.7063,-51.8314,-9.4876,-10.9173,-2.0339,-7.4668,-2.4015,-39.518,-58.8123,21
3646.7867,-152.8334,-322.8054,-52.2558,-9.5266,-10.8381,-2.1011,-7.4838,-2.5713,-39.7166,-58.9759,21
3648.253,-153.162,-323.819,-52.6092,-9.9457,-10.8746,-2.1238,-7.4941,-2.6262,-39.8645,-59.1819,21
3649.625,-153.546,-324.7687,-52.9536,-10.0593,-10.9003,-2.1665,-7.7388,-2.4743,-39.8612,-59.3894,21
3650.9973,-153.9692,-325.6774,-53.473,-9.7823,-10.9304,-2.2108,-7.7916,-2.4607,-39.8938,-59.6292,21
3652.3399,-154.4113,-326.603,-53.7297,-10.036,-10.9545,-2.2526,-7.8088,-2.4675,-40.028,-59.8608,21
3653.7212,-154.7836,-327.4818,-54.0452,-9.9787,-11.0162,-2.4073,-7.7608,-2.5319,-40.0356,-60.0733,21
3655.0382,-155.1858,-328.3376,-54.3976,-9.7576,-11.0447,-2.4596,-7.7477,-2.7213,-40.2859,-60.3042,21
3656.4277,-155.6493,-328.9798,-54.7545,-10.0881,-11.0596,-2.4287,-7.7116,-2.647,-40.3507,-60.566,21
3657.7813,-155.9393,-329.7765,-55.1272,-10.4232,-11.2284,-2.289,-7.7969,-2.6496,-40.5567,-60.6984,21
3659.0984,-156.3138,-330.6339,-55.5591,-10.4367,-11.2701,-2.2191,-7.6722,-2.6753,-40.6203,-60.8226,21
3660.4218,-156.4906,-331.4766,-55.8587,-10.5475,-11.3027,-2.3109,-7.6549,-2.6796,-40.7629,-60.9828,21
3661.773,-156.7308,-332.4218,-56.177,-10.8392,-11.2822,-2.3326,-7.7551,-2.7127,-40.8754,-61.1969,21
3663.0942,-156.9852,-333.1796,-56.5231,-11.0064,-11.2548,-2.5244,-7.6934,-2.9116,-40.9765,-61.4164,21
3664.449,-157.2874,-333.958,-57.065,-10.8971,-11.272,-2.4219,-7.6995,-2.9418,-41.1044,-61.6212,21
3665.8766,-157.5891,-334.7011,-57.2643,-10.6984,-11.2674,-2.3957,-7.8053,-2.9469,-41.2336,-61.846,21
3667.2346,-157.8354,-335.2868,-57.5417,-10.8675,-11.4588,-2.3948,-7.6999,-2.8961,-41.3539,-62.0617,21
3668.5758,-158.0936,-336.0049,-57.8684,-10.5959,-11.2909,-2.3786,-7.6931,-3.0833,-41.4209,-62.2599,21
3669.962,-158.3875,-336.7803,-58.2517,-10.534,-11.2248,-2.3969,-7.7197,-3.0883,-41.5083,-62.3583,21
3671.4059,-158.6816,-337.5018,-58.5835,-10.6622,-11.2392,-2.3852,-7.7258,-3.071,-41.5996,-62.5043,21
3672.7391,-159.1593,-338.2427,-58.7156,-10.8631,-11.2604,-2.4479,-7.7199,-2.999,-41.7701,-62.6637,21
3674.0899,-159.3357,-338.9489,-59.1067,-11.1697,-11.2776,-2.4474,-7.7506,-2.9699,-41.7906,-62.8256,21
3675.4562,-159.5257,-339.6102,-59.4448,-10.8186,-11.2897,-2.4276,-7.9125,-3.1232,-41.8034,-62.9385,21
3676.8641,-159.7107,-340.2642,-59.7925,-10.6066,-11.5413,-2.4021,-7.9375,-3.1615,-41.8973,-63.1535,21
3678.2488,-159.9073,-340.9265,-60.1086,-10.2747,-11.5618,-2.4235,-7.9488,-3.1525,-41.8618,-63.2289,21
3679.6875,-159.9032,-341.3606,-60.4392,-10.3847,-11.5383,-2.4607,-7.9484,-3.1214,-41.9945,-63.3821,21
3681.0217,-160.2147,-341.834,-60.6745,-10.5894,-11.2937,-2.4593,-7.9116,-2.9352,-41.8917,-63.6311,21
3682.4337,-160.457,-342.2347,-60.9513,-10.8436,-11.2621,-2.4839,-7.9089,-2.9263,-42.0959,-63.7386,21
3683.8961,-160.5117,-342.9036,-61.4299,-10.8578,-11.3956,-2.5149,-7.7601,-3.105,-42.1386,-63.8709,21
3685.379,-160.6604,-343.4657,-61.5807,-11.2623,-11.5393,-2.5466,-7.7455,-3.052,-42.2162,-64.0027,21
3686.7988,-161.0882,-344.0075,-61.8187,-11.4618,-11.4961,-2.5736,-7.7812,-3.0776,-42.2874,-64.1364,21
3688.2216,-161.381,-344.5858,-62.0715,-11.4871,-11.4681,-2.5956,-7.7978,-3.0812,-42.3609,-64.3034,21
3689.7301,-161.6762,-345.0709,-62.3358,-11.3465,-11.4526,-2.7736,-7.8396,-3.0898,-42.4693,-64.4307,21
3691.0647,-161.8943,-345.5841,-62.6273,-10.5793,-11.4545,-2.6608,-7.8432,-3.0959,-42.5401,-64.5786,21
3692.4977,-162.0384,-346.1193,-62.9511,-10.6773,-11.4625,-2.6227,-7.915,-3.1426,-42.6731,-64.7232,21
3693.8948,-162.2321,-346.6355,-63.2643,-11.1183,-11.5128,-2.5713,-8.0795,-3.0381,-42.7322,-64.8997,21
3695.2673,-162.2345,-347.153,-63.5916,-11.2432,-11.5317,-2.6184,-7.9736,-3.0177,-42.8035,-64.9921,21
3696.6859,-162.3895,-347.6373,-63.8586,-11.4747,-11.5381,-2.6502,-7.9049,-3.1905,-42.8308,-65.173,21
3698.0367,-162.6694,-348.2411,-64.1298,-11.1363,-11.5387,-2.8333,-7.8969,-3.1342,-42.9673,-65.2482,21
3699.4992,-162.8558,-348.717,-64.3458,-10.5449,-11.5403,-2.7186,-7.9256,-3.1217,-42.8859,-65.3299,21
3700.8793,-162.8671,-349.1156,-64.5772,-10.7499,-11.544,-2.6773,-7.8011,-3.1998,-42.8665,-65.4086,21
3702.2493,-163.1431,-349.5382,-64.8032,-10.3551,-11.5096,-2.7026,-7.9193,-3.151,-42.9123,-65.5704,21
3703.643,-163.1691,-349.8668,-65.0198,-9.8598,-11.5083,-2.7228,-7.8657,-3.3431,-42.9495,-65.8273,21
3705.0833,-163.2414,-350.3089,-65.3435,-9.9311,-11.5205,-2.8945,-7.8872,-3.308,-43.099,-65.9682,21
3706.386,-163.3573,-350.6338,-65.5195,-9.8686,-11.5789,-2.8509,-7.9211,-3.2448,-43.0263,-66.0517,21
3707.7554,-163.4934,-350.9013,-65.7196,-9.4142,-11.5642,-2.8186,-7.8433,-3.2512,-43.1303,-66.1469,21
3709.0281,-163.6623,-351.1696,-65.9156,-9.3854,-11.5662,-2.8291,-7.8547,-3.4139,-43.0794,-66.2859,21
3710.3393,-163.7821,-351.3883,-66.1897,-9.3252,-11.5729,-2.944,-7.896,-3.4091,-43.1948,-66.3094,21
3711.6063,-164.0719,-351.6214,-66.3497,-9.2835,-11.6248,-2.8775,-7.9074,-3.3423,-43.2253,-66.335,21
3712.9334,-164.021,-351.8443,-66.5458,-9.6348,-11.6444,-2.8346,-7.9422,-3.3384,-43.2706,-66.4434,21
3714.2287,-163.9825,-351.8901,-66.7421,-9.7156,-11.8098,-2.8431,-8.0589,-3.3673,-43.3481,-66.4575,21
3715.5372,-163.9496,-352.0411,-67.0543,-9.0072,-11.6799,-2.8779,-7.9883,-3.4069,-43.2308,-66.5621,21
3716.8776,-164.022,-352.2607,-67.2972,-9.2294,-11.6667,-2.9154,-7.9805,-3.4418,-43.2227,-66.6053,21
3718.2665,-164.2801,-352.5298,-67.4566,-9.3646,-11.7709,-2.9058,-7.9924,-3.4696,-43.2943,-66.6705,21
3719.6442,-164.2828,-352.7768,-67.6949,-9.4035,-11.6752,-2.8802,-8.0185,-3.6913,-43.233,-66.9343,21
3720.9716,-164.347,-352.979,-67.8658,-9.5156,-11.4768,-2.8932,-8.0019,-3.7086,-43.2483,-67.0353,21
3722.2924,-164.4114,-352.9331,-68.0472,-9.2035,-11.4279,-2.8802,-8.0114,-3.5307,-43.2451,-67.0648,21
3723.5747,-164.5927,-353.165,-68.1767,-9.6349,-11.4111,-3.0206,-8.0284,-3.4626,-43.402,-67.258,21
3724.8814,-164.5763,-353.2567,-68.3273,-9.8992,-11.493,-3.1918,-8.0471,-3.4556,-43.4664,-67.2902,21
3726.179,-164.5624,-353.3665,-68.4374,-9.4809,-11.5502,-3.1482,-8.0616,-3.561,-43.4864,-67.3042,21
3727.5162,-164.5362,-353.4,-68.5734,-10.2475,-11.589,-2.9867,-8.0714,-3.5251,-43.4778,-67.3024,21
3728.8439,-164.5071,-353.5929,-68.6711,-10.5269,-11.6107,-2.927,-8.0775,-3.7229,-43.4221,-67.3043,21
3730.1567,-164.467,-353.5126,-68.7959,-10.5377,-11.6235,-2.883,-8.0806,-3.8097,-43.3966,-67.308,21
3731.4878,-164.454,-353.4471,-68.9632,-10.9899,-11.6312,-2.8957,-8.0815,-3.7703,-43.3431,-67.3118,21
3732.8071,-164.5559,-353.3629,-69.1339,-11.2329,-11.6353,-3.1213,-8.0407,-3.7207,-43.326,-67.3142,21
3734.1342,-164.5439,-353.2678,-69.2097,-11.1321,-11.6369,-2.9473,-8.0305,-3.8814,-43.3186,-67.314,21
3735.4186,-164.5101,-353.0276,-69.3288,-11.2177,-11.6366,-2.9347,-7.992,-3.938,-43.2721,-67.3106,21
3736.7382,-164.3248,-352.8949,-69.5351,-10.7255,-11.6347,-2.8915,-8.1502,-3.9082,-43.2116,-67.3436,21
3738.0267,-164.1741,-352.7396,-69.674,-10.598,-11.6714,-3.0227,-8.0311,-3.8826,-43.3089,-67.3804,21
3739.3837,-164.152,-352.5597,-69.693,-10.9295,-11.675,-2.9459,-7.9913,-3.9886,-43.2023,-67.3679,21
3740.7575,-164.036,-352.2617,-69.7899,-11.3597,-11.6646,-3.047,-7.9757,-3.969,-42.9521,-67.3323,21
3742.1386,-163.8301,-351.9926,-70.07,-11.298,-11.6875,-2.9075,-7.9829,-3.9467,-42.9942,-67.3271,21
3743.4819,-163.7836,-351.7157,-70.0229,-11.3272,-11.5985,-2.8725,-7.9911,-3.8811,-42.8558,-67.2883,21
3744.8754,-163.5693,-351.4176,-70.0669,-11.1,-11.5621,-2.8705,-7.995,-3.8569,-42.831,-67.2359,21
3746.2099,-163.3324,-351.2449,-70.1328,-9.997,-11.5466,-2.8907,-8.1543,-3.9714,-42.7864,-67.1759,21
3747.175,-163.0342,-350.7869,-70.2156,-10.1853,-11.6244,-2.909,-7.9819,-3.8395,-42.7005,-67.154,21
3748.4985,-162.7643,-350.4165,-70.3286,-10.2176,-11.5583,-3.0009,-7.9553,-3.7982,-42.6362,-67.1786,21
3749.8307,-162.4999,-349.921,-70.475,-10.4285,-11.5278,-3.0223,-7.9353,-3.9098,-42.578,-67.2037,21
3751.1716,-162.2312,-349.4575,-70.5306,-10.246,-11.4682,-3.0933,-7.9341,-3.9106,-42.5599,-67.1698,21
3752.5152,-162.1087,-349.013,-70.5028,-10.5213,-11.4517,-3.005,-7.9292,-3.7863,-42.7035,-67.1033,21
3753.4751,-161.6813,-348.5445,-70.5263,-10.3478,-11.4882,-2.9147,-7.9207,-3.7094,-42.5068,-67.1,21
3754.8331,-161.273,-348.0271,-70.766,-10.094,-11.5362,-2.8731,-7.9088,-3.7076,-42.3613,-66.9454,21
3756.1827,-160.7066,-347.4536,-70.8451,-10.3451,-11.5354,-2.8606,-7.8946,-3.6981,-42.2327,-66.8242,21
3757.5173,-160.322,-346.8664,-70.7263,-10.2755,-11.5113,-2.8578,-7.8783,-3.7242,-42.129,-66.7119,21
3758.8568,-159.9931,-346.2368,-70.5795,-10.0607,-11.4385,-2.8544,-7.8203,-3.9553,-42.1086,-66.6477,21
4235.3793,-152.6635,-323.6408,-51.8576,-11.5419,-11.1821,-3.2308,-7.7097,-1.5096,-41.68,-58.5568,27
4236.8055,-153.0586,-324.9178,-52.4221,-11.2982,-11.3917,-3.2366,-7.6246,-1.5138,-41.8667,-58.8501,27
4238.1916,-153.6848,-326.0697,-52.8264,-11.1604,-11.3438,-3.3425,-7.6094,-1.5333,-41.9642,-59.1632,27
4239.6385,-154.0129,-327.2481,-53.2335,-11.7651,-11.3327,-3.5815,-7.6592,-1.5552,-42.112,-59.4129,27
4240.9906,-154.3723,-328.3734,-53.8789,-11.9446,-11.4912,-3.6718,-7.4548,-1.4203,-42.2175,-59.6591,27
4242.0056,-154.6291,-329.437,-54.2272,-12.4194,-11.3796,-3.6923,-7.4296,-1.4122,-42.266,-59.8842,27
4243.3822,-154.8571,-330.559,-54.566,-12.5713,-11.188,-3.68,-7.4715,-1.4933,-42.3346,-60.1292,27
4244.8331,-155.1906,-331.4577,-55.0295,-13.0851,-11.152,-3.6668,-7.4254,-1.4437,-42.2922,-60.3629,27
4246.2617,-155.5483,-332.3487,-55.4328,-13.1908,-11.0735,-3.7795,-7.4278,-1.4316,-42.5102,-60.4171,27
4247.6376,-156.0546,-333.2651,-55.8642,-13.0262,-11.2776,-3.7224,-7.4865,-1.474,-42.437,-60.6185,27
4249.0218,-156.5241,-334.229,-56.2656,-12.8917,-11.2255,-3.6954,-7.6829,-1.4987,-42.2472,-60.8626,27
4250.064,-156.7004,-335.0701,-56.6712,-11.9279,-11.2553,-3.7201,-7.7765,-1.5537,-42.2846,-61.1131,27
4251.4583,-157.0515,-335.9857,-57.0878,-12.0311,-11.339,-3.69,-7.6172,-1.7709,-42.4235,-61.3804,27
4252.8607,-157.2861,-336.8345,-57.5189,-11.8191,-11.5236,-3.8054,-7.4275,-1.8558,-42.473,-61.6313,27
4254.3114,-157.6097,-337.7434,-57.9223,-11.9689,-11.5925,-3.8345,-7.3836,-1.8807,-42.4827,-61.9382,27
4255.7135,-158.1389,-338.5785,-58.287,-12.2955,-11.6478,-3.8332,-7.492,-1.8748,-42.6043,-62.2367,27
4257.1575,-158.4981,-339.4296,-58.8151,-13.0535,-11.6469,-4.0565,-7.3599,-1.8677,-42.7628,-62.4265,27
4258.6195,-158.7693,-340.2798,-59.0754,-12.911,-11.7932,-3.8915,-7.3977,-1.866,-42.9214,-62.6054,27
4260.0274,-158.9898,-341.0487,-59.5159,-12.5385,-11.6906,-3.8163,-7.4465,-1.9899,-43.0197,-62.9333,27
4261.506,-159.1989,-341.955,-59.9795,-12.3622,-11.639,-3.7767,-7.5451,-1.942,-43.1298,-63.0084,27
4263.0173,-159.5269,-342.5752,-60.3867,-12.3259,-11.6486,-3.7771,-7.6388,-1.9226,-43.2369,-63.1216,27
4264.4204,-159.7996,-343.2856,-60.736,-11.4726,-11.7327,-3.8289,-7.6769,-1.9136,-43.4182,-63.3242,27
4265.8226,-160.0019,-343.8352,-61.0439,-10.8909,-11.7091,-3.8115,-7.5684,-1.9209,-43.5261,-63.6799,27
4267.2544,-160.2132,-344.7388,-61.5671,-10.7362,-11.6895,-3.8134,-7.7457,-1.9339,-43.7601,-63.8922,27
4268.6684,-160.4686,-345.3052,-61.7624,-11.281,-11.6736,-3.7821,-7.6411,-1.9492,-43.7281,-64.0752,27
4270.1482,-160.7732,-345.9908,-62.0461,-11.3776,-11.8286,-3.8293,-7.4996,-1.7652,-43.7782,-64.1923,27
4271.5638,-160.9963,-346.6751,-62.342,-11.6804,-11.8616,-3.8583,-7.4747,-1.7417,-43.9726,-64.3339,27
4272.9055,-161.2222,-347.5467,-62.6868,-11.5002,-11.8468,-3.8797,-7.5512,-1.7824,-44.0493,-64.482,27
4274.2347,-161.44,-348.2188,-63.0246,-11.3179,-11.8109,-3.8935,-7.6547,-1.852,-44.1956,-64.6308,27
4275.6208,-161.6924,-348.8282,-63.3808,-11.0709,-11.7809,-3.9054,-7.7068,-1.8759,-44.1053,-64.8142,27
4276.9764,-161.944,-349.4641,-63.5602,-11.0605,-11.8011,-3.8772,-7.7697,-1.8401,-44.1189,-64.9596,27
4278.2916,-162.1821,-350.2106,-63.8826,-11.2553,-11.8381,-3.881,-7.8268,-1.8707,-44.1321,-65.1271,27
4279.5861,-162.5219,-350.8307,-64.1984,-11.3754,-11.9966,-4.0579,-7.8359,-1.9249,-44.1619,-65.2526,27
4281.0055,-162.6693,-351.5734,-64.5438,-11.6391,-11.8928,-4.3125,-7.7861,-1.9041,-44.2353,-65.4827,27
4282.0392,-162.869,-352.1436,-64.8713,-11.7033,-11.9522,-4.1148,-8.0041,-2.0589,-44.3206,-65.5703,27
4283.362,-163.0739,-352.672,-65.2143,-12.089,-12.0162,-4.0195,-7.8466,-1.9739,-44.2838,-65.8917,27
4284.6901,-163.2799,-353.1973,-65.5399,-11.9199,-11.9654,-3.9747,-7.8226,-2.1425,-44.374,-65.9379,27
4285.9984,-163.5119,-353.7061,-65.8405,-11.4657,-11.954,-3.9779,-7.8385,-2.4092,-44.3016,-66.101,27
4287.4361,-163.7369,-354.0678,-66.1553,-11.4039,-11.7597,-4.0731,-7.8455,-2.2428,-44.3146,-66.2046,27
4288.7931,-163.9435,-354.5348,-66.4571,-11.2781,-11.7374,-4.0258,-7.9218,-2.1769,-44.396,-66.2993,27
4290.107,-164.1282,-355.0203,-66.5382,-11.0805,-11.8994,-4.1355,-7.9698,-2.1555,-44.5428,-66.4246,27
4291.4585,-164.3337,-355.4139,-66.8369,-11.1485,-11.9916,-4.1618,-8.042,-2.1366,-44.6112,-66.3985,27
4292.809,-164.5315,-355.8759,-67.1169,-11.1064,-11.997,-4.0424,-8.0287,-2.1575,-44.6827,-66.4973,27
4294.1258,-164.5915,-356.2954,-67.6258,-10.5953,-12.0032,-3.9631,-8.0287,-2.1499,-44.8261,-66.6376,27
4295.1142,-164.606,-356.7621,-67.7944,-11.1037,-12.0136,-4.0364,-8.0326,-2.1367,-44.9006,-66.7915,27
4296.4444,-164.6558,-357.1296,-68.0441,-11.863,-12.028,-4.0011,-8.0016,-2.1642,-44.8618,-66.9328,27
4297.7912,-164.7295,-357.5244,-68.381,-12.2928,-12.0811,-4.0114,-8.0824,-2.1659,-44.9483,-67.1781,27
4299.1451,-164.9334,-357.9004,-68.6991,-12.6847,-12.0601,-4.151,-8.0709,-2.2006,-44.9129,-67.3535,27
4300.5324,-165.3205,-358.1283,-68.9417,-11.9095,-12.2161,-4.0822,-8.0701,-2.1619,-45.0074,-67.4476,27
4301.8938,-165.3205,-358.4163,-69.1805,-11.292,-12.0895,-4.0681,-8.0284,-2.3466,-45.0097,-67.5431,27
4303.2824,-165.4234,-358.7491,-69.4073,-10.9851,-12.0053,-4.0709,-8.0235,-2.2227,-45.0672,-67.5974,27
4304.6721,-165.6252,-359.1978,-69.6621,-10.9698,-11.9814,-4.2505,-8.0321,-2.1331,-45.0913,-67.6813,27
4306.0846,-165.6537,-359.396,-69.9908,-11.1708,-11.9968,-4.2627,-7.8861,-2.1815,-45.1856,-67.771,27
4307.4117,-165.7728,-359.6505,-70.1181,-11.484,-11.9815,-4.2928,-7.8663,-2.1288,-45.0487,-67.8592,27
4308.7439,-165.9829,-359.8963,-70.335,-11.8176,-11.9949,-4.2374,-7.8947,-2.1279,-45.0129,-67.9396,27
4310.1395,-166.0821,-360.125,-70.529,-12.1761,-12.0955,-4.2089,-7.9835,-2.141,-45.0963,-67.8918,27
4311.15,-166.2003,-360.3579,-70.7556,-12.1994,-12.013,-4.1937,-7.9936,-2.1648,-45.0203,-68.0128,27
4312.5564,-166.18,-360.5623,-70.9746,-12.0544,-12.1962,-4.2299,-7.9719,-2.1881,-44.9335,-68.0619,27
4313.8991,-166.355,-360.7288,-71.178,-12.1072,-12.0413,-4.1582,-7.9797,-2.1685,-45.0908,-68.1291,27
4315.298,-166.4456,-360.9748,-71.4025,-12.0348,-12.0778,-3.9791,-8.04,-2.1781,-44.9178,-68.029,27
4316.6795,-166.3706,-361.1282,-71.6186,-12.5329,-12.0437,-3.9484,-7.9902,-2.1983,-44.8922,-68.0531,27
4318.0256,-166.2698,-361.2184,-71.8168,-12.8646,-11.8854,-3.9817,-7.9865,-2.2226,-44.9099,-68.161,27
4319.4012,-166.2099,-361.2567,-71.9938,-12.8484,-11.8573,-4.1579,-7.9571,-2.2444,-44.7943,-68.4527,27
4320.7855,-165.9699,-361.1001,-72.1927,-12.5206,-11.8833,-4.0707,-7.9277,-2.2229,-44.7985,-68.4003,27
4322.1395,-165.8899,-361.0825,-72.3451,-12.4192,-11.9301,-4.0206,-8.0998,-2.2306,-44.6795,-68.4706,27
4323.5442,-165.9028,-361.0973,-72.553,-12.2281,-12.1296,-3.9857,-7.9973,-2.2488,-44.7382,-68.4863,27
4325.026,-166.0188,-361.1042,-72.6817,-12.0852,-11.9893,-4.0141,-7.9316,-2.1911,-44.6408,-68.7362,27
4326.5221,-166.0062,-361.1897,-72.8978,-12.1689,-12.1073,-4.0578,-7.919,-2.0749,-44.6637,-68.8222,27
4327.903,-165.9239,-361.0541,-73.0815,-12.2049,-11.9706,-4.2589,-7.9397,-1.917,-44.752,-68.8363,27
4329.3106,-165.8415,-360.9819,-73.2007,-12.2949,-12.1385,-4.2816,-8.0053,-1.8941,-44.7711,-68.8488,27
4330.6936,-165.7115,-360.9358,-73.325,-12.5775,-11.9741,-4.1555,-7.9926,-1.967,-44.7893,-68.8233,27
4332.1035,-165.5988,-360.6276,-73.3638,-12.6051,-11.9669,-4.0676,-7.9912,-2.1059,-44.8734,-68.8264,27
4333.4935,-165.2786,-360.5765,-73.4586,-12.0114,-11.9609,-4.2151,-7.9506,-2.1214,-44.7627,-68.7933,27
4334.8359,-165.1036,-360.3257,-73.567,-11.9565,-11.9704,-4.109,-7.9042,-2.1671,-44.71,-68.7883,27
4336.3511,-164.812,-360.0315,-73.7552,-11.8334,-11.9739,-4.045,-7.8602,-2.1742,-44.713,-68.7459,27
4337.7009,-164.6566,-359.7265,-73.9068,-11.811,-11.9723,-4.0347,-7.8639,-2.2124,-44.6543,-68.6908,27
4338.7264,-164.4867,-359.6013,-73.8671,-11.6788,-11.9666,-4.0571,-7.8423,-2.2536,-44.6081,-68.6697,27
4340.1312,-164.2213,-359.2023,-73.9267,-11.6915,-11.9577,-4.0039,-7.6928,-2.2912,-44.5594,-68.696,27
4341.4928,-164.0313,-358.7625,-74.0587,-12.3885,-12.0665,-3.8877,-7.7167,-2.28,-44.5081,-68.6049,27
4342.8827,-163.8504,-358.4781,-74.2078,-12.4227,-11.9572,-3.885,-7.7581,-2.2529,-44.41,-68.5524,27
4344.3046,-163.734,-358.0104,-74.2961,-11.923,-11.9039,-3.8456,-7.8026,-2.2645,-44.3364,-68.6669,27
4345.6999,-163.56,-357.4485,-74.3867,-11.6353,-11.8703,-3.7602,-7.7899,-2.2902,-44.2285,-68.5346,27
4347.1046,-163.1742,-356.8644,-74.3836,-11.6587,-11.856,-3.7845,-7.7953,-2.2372,-44.1519,-68.437,27
4348.5272,-162.9092,-356.2585,-74.3889,-11.1691,-11.8441,-4.0047,-7.7634,-2.2421,-44.0809,-68.3428,27
4349.9737,-162.5475,-355.6225,-74.4736,-10.837,-11.8301,-3.9004,-7.722,-2.2263,-43.8475,-68.4193,27
4351.4016,-162.1902,-354.9883,-74.5343,-10.5989,-11.6933,-3.8482,-7.679,-2.2089,-43.7331,-68.3635,27
4352.7596,-162.0137,-354.3212,-74.5717,-11.1765,-11.6499,-3.8515,-7.6803,-2.3902,-43.6605,-68.2484,27
4354.2085,-161.7007,-353.6477,-74.6256,-11.8241,-11.6427,-3.8472,-7.7339,-2.4944,-43.6022,-68.1012,27
4355.5957,-161.3108,-352.9295,-74.6715,-12.2264,-11.6509,-3.8741,-7.7139,-2.4336,-43.5314,-67.9498,27
4356.9777,-160.8653,-352.1148,-74.6601,-12.5957,-11.654,-3.782,-7.6643,-2.4328,-43.444,-67.8393,27
4358.3942,-160.393,-351.4715,-74.6596,-12.9279,-11.6885,-3.7397,-7.6454,-2.4964,-43.3414,-67.6968,27
4359.8416,-160.1412,-350.4635,-74.6928,-12.5187,-11.6833,-3.7572,-7.5995,-2.459,-43.1863,-67.5392,27
4361.2714,-159.7589,-349.5909,-74.7237,-11.8999,-11.6594,-3.7954,-7.6275,-2.4261,-43.0527,-67.372,27
4362.7182,-159.2167,-348.5922,-74.6949,-11.2186,-11.6251,-3.8288,-7.5911,-2.5557,-42.9228,-67.2806,27
4364.1156,-158.5943,-347.5718,-74.5532,-11.1722,-11.5886,-3.8486,-7.5336,-2.5268,-42.7505,-67.2814,27
4840.1368,-153.5211,-326.2621,-51.3716,0.97807,-10.849,-4.9712,-8.2018,-0.27736,-43.3973,-56.619,29
4841.6166,-153.9376,-327.2967,-51.8322,0.07228,-10.867,-5.1672,-8.2005,-0.34272,-43.5665,-56.9441,29
4843.0887,-154.321,-328.3837,-52.2819,0.80439,-11.0092,-5.2448,-8.1999,-0.3936,-43.7024,-57.217,29
4844.5324,-154.6645,-329.4423,-52.7667,1.0991,-11.0556,-5.2258,-8.2814,-0.43219,-43.8034,-57.4418,29
4846.0311,-154.9757,-330.502,-53.2298,0.21937,-11.0626,-5.2124,-8.3409,-0.42173,-43.8892,-57.4786,29
4847.5171,-155.3038,-331.4854,-53.848,-0.18042,-11.0115,-5.2101,-8.3842,-0.43693,-43.9673,-57.666,29
4848.9811,-155.6639,-332.4209,-54.2988,0.60164,-10.9953,-5.1774,-8.2921,-0.42057,-44.0411,-57.8616,29
4850.4943,-155.9363,-333.4055,-54.6964,0.41891,-10.9986,-5.1796,-8.3286,-0.35895,-44.1522,-57.9402,29
4851.9631,-156.1698,-334.1897,-55.0822,0.16965,-11.0135,-5.1954,-8.3672,-0.37088,-44.2693,-58.1396,29
4853.2721,-156.5475,-335.0346,-55.4487,0.20233,-10.9917,-5.177,-8.4478,-0.49037,-44.3802,-58.574,29
4854.6024,-156.798,-335.9798,-55.8305,0.26179,-11.0026,-5.1893,-8.4455,-0.55309,-44.3594,-58.7325,29
4855.9717,-157.1611,-336.8755,-56.316,0.48056,-11.0261,-5.412,-8.4554,-0.62328,-44.3443,-58.9836,29
4857.303,-157.4964,-337.6224,-56.602,0.82504,-11.0553,-5.4782,-8.5076,-0.64153,-44.4637,-59.2798,29
4858.6471,-158.0109,-338.3269,-56.9298,1.7199,-11.0432,-5.6375,-8.4517,-0.72242,-44.5483,-59.5014,29
4860.0728,-158.3781,-339.1207,-57.2954,1.3819,-11.0604,-5.8364,-8.446,-0.97331,-44.6159,-59.7578,29
4861.4122,-158.6704,-339.96,-57.7859,0.60642,-11.0882,-5.6669,-8.6185,-0.88844,-44.63,-60.0055,29
4862.767,-158.9154,-340.8155,-58.0806,0.48906,-11.1601,-5.548,-8.5142,-0.89422,-44.7944,-60.2367,29
4864.1396,-159.1855,-341.6276,-58.4562,0.80351,-11.1174,-5.4648,-8.5254,-0.88465,-44.8766,-60.4449,29
4865.5082,-159.4581,-342.4233,-58.7954,1.4383,-11.1627,-5.3864,-8.4894,-0.96814,-45.0073,-60.6736,29
4866.9289,-159.7629,-343.1744,-59.157,1.5735,-11.113,-5.4,-8.5769,-1.0273,-45.0562,-60.8956,29
4868.2678,-160.0623,-343.8789,-59.5041,0.73098,-11.085,-5.4844,-8.5298,-1.11,-45.1607,-61.222,29
4869.6473,-160.3442,-344.5804,-59.872,1.3378,-11.1072,-5.4634,-8.5651,-1.185,-45.2343,-61.2739,29
4870.9761,-160.5652,-345.2952,-60.2273,1.3905,-11.1112,-5.5252,-8.5803,-1.4477,-45.3368,-61.44,29
4872.3962,-160.96,-346.0656,-60.6414,2.877,-10.9093,-5.5653,-8.7934,-1.3355,-45.4382,-61.4362,29
4873.8007,-160.9852,-346.6941,-60.9686,3.7292,-10.8657,-5.5575,-8.8006,-1.3473,-45.5323,-61.6053,29
4875.1974,-161.2653,-347.2901,-61.3317,4.1263,-10.9297,-5.8104,-8.7745,-1.5534,-45.6547,-61.6636,29
4876.5756,-161.3726,-347.8943,-61.7253,4.8263,-11.0742,-5.6786,-8.6522,-1.575,-45.7348,-61.8609,29
4877.9017,-161.5662,-348.4874,-62.1894,4.7099,-11.0591,-5.6727,-8.6056,-1.6004,-45.914,-62.1284,29
4879.276,-161.7741,-349.0966,-62.6805,4.6927,-11.0268,-5.7411,-8.5953,-1.5746,-45.8253,-62.2436,29
4880.6339,-162.0287,-349.6854,-62.8588,3.5701,-11.0726,-5.7247,-8.5646,-1.7448,-45.7826,-62.4582,29
4882.0905,-162.2811,-350.2434,-63.1298,3.3844,-11.1085,-5.5941,-8.5691,-1.638,-45.8044,-62.6895,29
4883.505,-162.556,-350.7681,-63.4659,2.5168,-11.0968,-5.6005,-8.5854,-1.6912,-46.0643,-62.9152,29
4884.8459,-162.7367,-351.3032,-63.7425,1.3135,-11.1077,-5.6606,-8.6057,-1.6249,-46.0112,-63.1148,29
4886.2351,-162.9168,-351.861,-64.0237,1.7371,-11.0876,-5.7363,-8.7433,-1.6204,-46.0564,-63.2893,29
4887.6245,-163.128,-352.3999,-64.3343,2.9956,-11.1034,-5.7994,-8.6615,-1.6712,-46.0843,-63.4837,29
4888.9741,-163.3009,-352.9037,-64.6446,4.6528,-11.1298,-5.8866,-8.6342,-1.7403,-46.0815,-63.6311,29
4890.4387,-163.4511,-353.369,-64.9393,5.1926,-11.1988,-5.8886,-8.6659,-1.8028,-46.0667,-63.7942,29
4891.7941,-163.5855,-353.7605,-65.2139,4.8905,-11.1918,-5.9004,-8.6847,-1.851,-46.1346,-63.9509,29
4893.1897,-163.7116,-354.315,-65.4712,3.9146,-11.1196,-5.7925,-8.533,-1.9663,-46.2271,-64.097,29
4894.5949,-163.8314,-354.4893,-65.7547,2.8965,-11.1146,-5.8627,-8.5419,-1.968,-46.3976,-64.2291,29
4895.9836,-163.945,-354.9477,-66.0357,2.5744,-11.0994,-5.8651,-8.6086,-1.9291,-46.6482,-64.3889,29
4897.3738,-163.9721,-355.3101,-66.3433,2.1396,-11.0867,-5.8886,-8.7339,-2.1188,-46.4893,-64.5467,29
4898.7669,-164.0564,-355.6386,-66.6415,0.93646,-11.0747,-5.9074,-8.7326,-2.0059,-46.4471,-64.6517,29
4900.1406,-164.1993,-356.1257,-66.7995,0.54123,-11.1066,-5.9655,-8.724,-2.164,-46.4513,-64.9317,29
4901.5393,-164.3543,-356.4716,-66.9907,1.2321,-11.1103,-5.9874,-8.8319,-2.1033,-46.372,-65.0813,29
4902.9426,-164.3347,-356.7851,-67.233,2.6433,-11.104,-6.0327,-8.8901,-2.1889,-46.3097,-65.3336,29
4904.3704,-164.4601,-357.0173,-67.5704,2.2904,-10.8938,-6.0371,-9.0007,-2.1799,-46.3423,-65.5841,29
4905.7703,-164.5031,-357.2157,-67.7943,3.4724,-10.8457,-5.9075,-8.9865,-2.229,-46.3696,-65.4901,29
4907.2333,-164.6021,-357.3535,-68.0471,3.3878,-10.8647,-5.9488,-8.892,-2.2842,-46.3899,-65.5706,29
4908.7028,-164.7408,-357.47,-68.2927,2.9818,-10.9147,-5.9664,-8.8205,-2.3371,-46.28,-65.5092,29
4910.0956,-164.9173,-357.5779,-68.5683,3.4417,-10.9205,-6.0185,-8.7738,-2.2181,-46.2611,-65.5503,29
4911.5103,-164.9565,-357.7212,-68.9142,3.5581,-11.1475,-6.0659,-8.7864,-2.2157,-46.2371,-65.7398,29
4912.9564,-164.9762,-357.8252,-69.215,2.7848,-11.1771,-6.1053,-8.6565,-2.1758,-46.1796,-65.7264,29
4914.3423,-164.9406,-357.9053,-69.3542,3.2898,-10.973,-6.1735,-8.5749,-2.2165,-46.2727,-65.7642,29
4915.7125,-164.8518,-357.9652,-69.5527,2.474,-10.8663,-6.4004,-8.6009,-2.3139,-46.4834,-65.8131,29
4917.1233,-164.7514,-357.9296,-69.7254,1.7554,-10.8208,-6.4476,-8.6678,-2.3381,-46.6219,-65.8732,29
4918.5473,-164.5369,-357.8616,-70.13,1.6835,-10.8146,-6.4599,-8.7356,-2.3686,-46.6617,-65.9688,29
4919.9701,-164.428,-357.8252,-70.411,1.6432,-10.8175,-6.4489,-8.7872,-2.4736,-46.6102,-65.9845,29
4921.3795,-164.3632,-357.5981,-70.4642,2.2972,-10.8208,-6.4386,-8.8224,-2.7118,-46.5329,-66.0115,29
4922.845,-164.3168,-357.4838,-70.5556,2.8674,-10.9023,-6.3897,-8.9249,-2.7186,-46.3772,-66.0384,29
4924.2634,-164.184,-357.4065,-70.7909,3.6419,-10.958,-6.3738,-8.9543,-2.7567,-46.2957,-66.0657,29
4925.6949,-164.1423,-357.5798,-70.8282,5.0956,-10.9547,-6.4111,-8.9114,-2.9131,-46.4488,-66.1282,29
4927.0738,-164.2799,-357.3413,-70.9224,6.046,-11.1256,-6.4222,-8.8843,-2.9371,-46.4992,-66.1128,29
4928.4584,-164.3221,-357.158,-71.0317,6.6919,-11.1321,-6.3793,-8.8689,-2.9462,-46.4143,-66.0305,29
4929.8933,-164.1742,-356.8943,-71.1547,5.4892,-11.0793,-6.36,-8.9413,-3.1815,-46.396,-66.0534,29
4931.3214,-164.0265,-356.8206,-71.3144,5.1149,-10.8033,-6.2721,-8.9507,-3.0663,-46.3218,-66.111,29
4932.7042,-163.8779,-356.7351,-71.4748,4.3472,-10.6974,-6.1744,-8.9336,-3.0026,-46.276,-66.1307,29
4934.1974,-163.6891,-356.6095,-71.6624,4.0039,-10.6699,-6.1656,-8.7836,-2.9553,-46.0339,-66.3637,29
4935.6586,-163.4806,-356.3031,-71.7599,3.547,-10.8033,-6.2318,-8.7307,-2.9775,-45.9523,-66.229,29
4937.1553,-163.2618,-355.9982,-71.86,3.5087,-10.6034,-6.3131,-8.6397,-3.1367,-45.9294,-66.1786,29
4938.618,-163.0772,-355.6353,-71.9533,3.0165,-10.5509,-6.5408,-8.6732,-3.1977,-45.8889,-66.1479,29
4940.0305,-162.8535,-355.2426,-72.0419,3.532,-10.551,-6.4596,-8.6988,-3.2099,-45.8685,-66.1376,29
4941.506,-162.6473,-354.861,-72.1217,2.635,-10.5835,-6.4773,-8.7573,-3.3552,-45.8034,-66.121,29
4942.9309,-162.4314,-354.4609,-72.1923,2.0011,-10.612,-6.3979,-8.7699,-3.2884,-45.6002,-66.0925,29
4944.3385,-162.1179,-354.0278,-72.2542,2.9205,-10.6293,-6.3878,-8.8017,-3.2361,-45.6037,-65.8518,29
4945.83,-161.845,-353.5533,-72.3078,3.5262,-10.5962,-6.3556,-8.7904,-3.1887,-45.4674,-65.9201,29
4947.2402,-161.534,-353.0764,-72.4335,3.7535,-10.5469,-6.522,-8.8438,-2.9991,-45.4124,-65.9146,29
4948.6959,-161.2436,-352.5254,-72.4476,2.6608,-10.5363,-6.4074,-8.7871,-2.9856,-45.3282,-65.9976,29
4950.1451,-160.9017,-351.9201,-72.5007,1.6945,-10.5399,-6.2881,-8.6179,-2.9955,-45.276,-65.8673,29
4951.5458,-160.5315,-351.2675,-72.5555,1.5096,-10.5045,-6.2535,-8.5879,-3.0577,-45.2207,-65.7871,29
4953.0556,-159.9795,-350.5344,-72.5261,2.4587,-10.4948,-6.4252,-8.7341,-3.2386,-45.1545,-65.7141,29
4954.4692,-159.5395,-349.9136,-72.5462,2.9429,-10.4511,-6.3195,-8.7211,-3.191,-45.0325,-65.644,29
4955.9002,-159.1747,-349.0893,-72.5767,3.5168,-10.3995,-6.323,-8.6017,-3.2245,-44.928,-65.5208,29
4957.3595,-158.7834,-348.1746,-72.6049,3.0323,-10.3872,-6.3125,-8.371,-3.3936,-44.8641,-65.4143,29
4958.7911,-158.436,-347.2485,-72.6186,2.9973,-10.3475,-6.5082,-8.3405,-3.3526,-44.7234,-65.2661,29
4960.2282,-157.8294,-346.2688,-72.6566,2.1288,-10.4595,-6.5765,-8.3462,-3.315,-44.4317,-65.023,29
4961.6696,-157.2571,-345.0154,-72.6482,1.0732,-10.3608,-6.5441,-8.5636,-3.3151,-44.2245,-64.8759,29
4963.1403,-156.6511,-343.8417,-72.6143,0.38353,-10.2779,-6.5866,-8.6481,-3.3362,-44.0977,-64.7199,29
4964.6439,-155.963,-342.6971,-72.6032,0.26643,-10.0807,-6.4506,-8.6652,-3.3174,-44.0392,-64.5999,29
4966.0915,-155.3702,-341.6015,-72.5507,1.7954,-10.1577,-6.391,-8.44,-3.3221,-43.8615,-64.4356,29
4967.5793,-154.7219,-340.4092,-72.5176,3.3886,-10.2733,-6.3589,-8.3637,-3.3708,-43.6763,-64.3293,29
4969.0595,-154.0915,-339.1986,-72.4392,5.0207,-10.303,-6.4651,-8.3092,-3.4262,-43.2045,-64.1048,29
5445.9449,-155.9668,-295.749,-49.7074,-6.6939,-9.1344,-7.1837,-10.4739,-1.5748,-45.4622,-57.6562,9
5447.9456,-156.4679,-296.5331,-50.1747,-6.7556,-9.1644,-7.311,-10.4478,-1.5806,-45.484,-57.9261,9
5449.2014,-156.6682,-297.487,-50.5524,-6.7539,-9.2742,-7.2151,-10.4773,-1.727,-45.5766,-58.3791,9
5450.4884,-156.917,-298.2777,-50.9559,-6.9736,-9.1931,-7.2886,-10.5238,-1.6557,-45.6857,-58.4881,9
5451.7353,-157.2841,-299.2028,-51.3729,-7.0208,-9.1355,-7.2132,-10.6152,-1.7286,-45.7993,-58.5169,9
5453.0397,-157.679,-299.9377,-51.7663,-7.0781,-9.1716,-7.1913,-10.6276,-1.7213,-46.0618,-58.6452,9
5454.2649,-157.9266,-300.7721,-52.1214,-6.839,-9.1643,-7.2277,-10.6513,-1.7427,-46.2242,-58.9071,9
5455.5432,-158.1444,-301.539,-52.4394,-6.9415,-9.1405,-7.2908,-10.8356,-1.7699,-46.1735,-59.1999,9
5456.8015,-158.4644,-302.2836,-52.809,-7.3105,-9.1097,-7.3154,-10.8542,-1.8451,-46.2157,-59.4341,9
5458.8199,-158.7247,-302.9712,-53.2545,-6.811,-9.1236,-7.2039,-10.8515,-2.0109,-46.298,-59.7067,9
5460.0689,-158.9499,-303.7257,-53.5723,-6.6236,-9.1916,-7.2249,-10.8762,-2.109,-46.5595,-59.9307,9
5461.3367,-159.1882,-304.458,-53.9458,-6.768,-9.1479,-7.2963,-10.8371,-2.1714,-46.6869,-60.1258,9
5462.5925,-159.4627,-305.2198,-54.511,-6.9722,-9.1883,-7.3452,-10.8238,-2.2133,-46.7925,-60.3384,9
5463.8549,-159.7337,-305.8981,-54.7757,-7.1894,-9.4095,-7.4159,-10.8626,-2.3709,-46.8736,-60.5466,9
5465.8553,-160.0241,-306.7088,-55.2416,-7.2431,-9.4651,-7.4859,-10.8394,-2.4326,-46.9074,-60.9023,9
5467.1661,-160.2179,-307.1843,-55.6105,-7.3908,-9.407,-7.5504,-10.9187,-2.4571,-47.0468,-61.0341,9
5468.4215,-160.5698,-307.7336,-55.9344,-7.4689,-9.3477,-7.7255,-10.9423,-2.5054,-47.0898,-61.1653,9
5469.7139,-160.7841,-308.32,-56.2539,-7.3572,-9.2646,-7.6767,-10.8275,-2.526,-47.0209,-61.4087,9
5470.955,-160.861,-308.9455,-56.5191,-7.1105,-9.1095,-7.8395,-10.8384,-2.5416,-47.0048,-61.5644,9
5472.2472,-161.0093,-309.5427,-56.9181,-7.3388,-9.0715,-7.7712,-10.8578,-2.5582,-47.0222,-61.723,9
5473.5422,-161.1867,-310.1328,-57.1348,-7.5916,-9.0421,-7.6456,-10.8858,-2.581,-47.1007,-61.9513,9
5475.5911,-161.3717,-310.4835,-57.6071,-7.5401,-9.1833,-7.673,-10.9082,-2.6497,-46.9927,-62.1524,9
5476.8396,-161.3445,-311.0298,-57.8025,-7.6066,-9.1971,-7.8065,-10.9273,-2.691,-47.0401,-62.3303,9
5478.1009,-161.4623,-311.4138,-58.1088,-7.4668,-9.242,-7.8438,-10.9842,-2.8029,-47.0599,-62.5266,9
5479.3683,-161.6704,-311.9417,-58.3859,-7.0511,-9.1219,-7.8775,-11.0477,-2.8873,-47.1616,-62.7179,9
5480.6262,-161.9036,-312.5178,-58.6936,-6.7164,-9.0465,-7.9049,-11.0654,-2.957,-47.3146,-62.8158,9
5481.8761,-161.9162,-313.0359,-59.029,-6.3957,-8.7956,-8.095,-11.1039,-3.0139,-47.3487,-63.0806,9
5483.1499,-162.0576,-313.5301,-59.3132,-6.0265,-8.7275,-8.0772,-11.1052,-3.1055,-47.4162,-63.1005,9
5484.3945,-162.235,-314.0186,-59.5634,-5.4971,-8.7322,-8.0716,-11.0967,-3.1226,-47.6072,-63.2102,9
5485.6545,-162.6588,-314.4715,-60.0303,-5.5182,-8.7695,-8.1078,-11.1266,-3.1575,-47.5419,-63.3827,9
5486.9106,-162.9872,-314.919,-60.1729,-5.8209,-8.8428,-8.2476,-11.3288,-3.1987,-47.3968,-63.578,9
5488.21,-163.1166,-315.2498,-60.3668,-5.8281,-8.9132,-8.2053,-11.2828,-3.2862,-47.4037,-63.7612,9
5489.5163,-163.3106,-315.6018,-60.6065,-5.8654,-8.8489,-8.066,-11.2346,-3.3426,-47.5201,-63.9228,9
5490.7811,-163.228,-315.9772,-60.9086,-5.7391,-8.8225,-8.0739,-11.1868,-3.4257,-47.6235,-64.0648,9
5492.0377,-163.233,-316.3361,-61.1296,-5.8312,-8.8117,-8.1865,-11.2003,-3.6703,-47.7013,-64.1915,9
5493.37,-163.3085,-316.4977,-61.3912,-5.9857,-8.8122,-8.2869,-11.2343,-3.7827,-47.916,-64.3066,9
5494.6541,-163.3735,-316.7862,-61.6504,-6.1465,-8.772,-8.3639,-11.2314,-3.8353,-48.0691,-64.4927,9
5495.961,-163.6223,-317.2976,-61.9777,-6.6755,-8.7207,-8.4203,-11.2547,-3.8172,-48.0181,-64.6475,9
5497.2125,-163.5355,-317.6764,-62.3408,-7.0518,-8.8711,-8.4655,-11.2446,-3.99,-47.976,-64.7788,9
5498.4463,-163.5431,-317.9575,-62.6041,-7.0347,-8.7096,-8.504,-11.1871,-4.093,-48.1476,-65.0486,9
5499.7149,-163.5731,-318.2429,-62.8107,-7.0618,-8.6996,-8.5382,-11.2417,-3.9241,-48.0184,-65.1776,9
5500.9977,-163.5797,-318.3826,-63.146,-7.1089,-8.6935,-8.8096,-11.2105,-4.0023,-48.0404,-65.2465,9
5502.2659,-163.5271,-318.5401,-63.3418,-7.2138,-8.6625,-8.6868,-11.2369,-4.0479,-48.2633,-65.2854,9
5503.5296,-163.5351,-318.6835,-63.4808,-7.6396,-8.6568,-8.6858,-11.2354,-4.0943,-48.1776,-65.3632,9
5504.7673,-163.7587,-318.8089,-63.6327,-7.9534,-8.6182,-8.681,-11.2697,-4.1681,-48.106,-65.4133,9
5506.0434,-163.8187,-318.9072,-63.7933,-7.6164,-8.5729,-8.8183,-11.3094,-4.2096,-48.0403,-65.4944,9
5507.2696,-163.7576,-318.8586,-63.9546,-7.0857,-8.728,-8.7815,-11.507,-4.4405,-48.0411,-65.5395,9
5508.5762,-163.6816,-318.881,-64.1097,-6.897,-8.569,-8.6516,-11.3688,-4.3481,-48.1021,-65.6131,9
5509.8679,-163.6078,-319.1185,-64.2974,-6.933,-8.3195,-8.6266,-11.3324,-4.3627,-48.0921,-65.7701,9
5511.1282,-163.6573,-319.1515,-64.4463,-7.013,-8.2245,-8.6954,-11.2913,-4.4513,-48.0532,-65.7396,9
5512.3745,-163.6073,-319.1282,-64.6161,-7.0028,-8.2523,-8.8344,-11.1917,-4.6147,-47.9245,-65.7703,9
5513.656,-163.3525,-319.1014,-64.7826,-7.0371,-8.4,-8.8946,-11.2415,-4.58,-47.904,-65.8186,9
5514.8933,-163.2005,-319.0277,-64.9401,-6.4844,-8.4764,-9.0768,-11.298,-4.563,-47.9228,-65.9183,9
5516.2014,-163.1346,-318.7673,-65.2444,-6.4951,-8.427,-9.0342,-11.3518,-4.599,-47.9524,-65.9803,9
5517.4352,-162.9776,-318.694,-65.4485,-6.3463,-8.3717,-9.0443,-11.3893,-4.7046,-48.0113,-65.9805,9
5518.7635,-162.8641,-318.5122,-65.5591,-6.4742,-8.3625,-9.0683,-11.4154,-4.7835,-48.0646,-66.1183,9
5520.0971,-162.6758,-318.4562,-65.6653,-6.7765,-8.4124,-9.2268,-11.4336,-4.8444,-48.1815,-66.0464,9
5521.5026,-162.5489,-318.4486,-65.7709,-7.1854,-8.511,-9.2482,-11.5663,-4.8932,-48.2145,-66.1936,9
5522.9147,-162.4334,-318.1456,-65.8757,-7.038,-8.6049,-9.2188,-11.479,-4.9779,-48.2052,-66.2689,9
5524.2216,-162.4734,-317.9352,-66.0546,-7.068,-8.4355,-9.2127,-11.5266,-4.9891,-48.1713,-66.3554,9
5525.5042,-162.2076,-317.7421,-66.1226,-7.2339,-8.2316,-9.2253,-11.5692,-5.0589,-47.8896,-66.2994,9
5526.8071,-162.1196,-317.5888,-66.1902,-7.7694,-8.1634,-9.247,-11.4932,-5.1032,-47.7566,-66.322,9
5528.0678,-161.7458,-317.414,-66.2928,-7.7433,-8.0822,-9.3496,-11.4193,-5.1812,-47.6902,-66.2852,9
5529.3696,-161.545,-317.3197,-66.3655,-7.6747,-8.0854,-9.4269,-11.3976,-5.3023,-47.6206,-66.3149,9
5530.6439,-161.3886,-316.9654,-66.4632,-7.5871,-8.0276,-9.405,-11.4034,-5.3471,-47.544,-66.3146,9
5531.9126,-161.2441,-316.6281,-66.5594,-7.6951,-8.0342,-9.3893,-11.4169,-5.362,-47.5045,-66.5008,9
5533.201,-161.0341,-316.3554,-66.6873,-8.0576,-7.9345,-9.4619,-11.3879,-5.3276,-47.4749,-66.3547,9
5534.5372,-160.9455,-315.9661,-66.8501,-8.3756,-7.8903,-9.521,-11.3466,-5.3708,-47.4823,-66.3463,9
5535.8028,-160.5856,-315.5957,-66.8837,-8.5806,-7.8247,-9.5271,-11.3863,-5.4819,-47.4078,-66.3314,9
5537.0957,-160.2568,-315.1639,-66.9071,-8.4229,-7.7616,-9.5908,-11.4095,-5.8079,-47.3825,-66.3232,9
5538.3793,-159.9316,-314.7365,-66.9635,-8.164,-7.7812,-9.6279,-11.5422,-5.9615,-47.3635,-66.3808,9
5539.6561,-159.6559,-314.4446,-67.0302,-7.5157,-7.7429,-9.7335,-11.4478,-5.9914,-47.3394,-66.2422,9
5540.966,-159.1813,-313.7531,-67.0501,-7.2882,-7.7242,-9.6453,-11.4862,-6.0076,-47.2596,-66.0831,9
5542.2598,-158.8094,-313.1255,-67.0478,-7.6942,-7.8257,-9.6241,-11.3991,-6.0299,-47.1966,-66.0058,9
5543.5747,-158.6684,-312.4671,-67.0761,-8.0847,-7.6711,-9.7484,-11.3696,-6.0207,-47.0936,-65.9254,9
5544.8572,-158.5763,-311.8494,-67.1107,-7.9911,-7.4017,-9.6354,-11.3565,-6.1265,-46.938,-65.8822,9
5546.1326,-158.2023,-311.2235,-67.1792,-7.5936,-7.3215,-9.6125,-11.3552,-6.2618,-46.8496,-65.8394,9
5547.435,-157.544,-310.5736,-67.2029,-7.596,-7.2881,-9.4998,-11.4736,-6.2733,-46.7429,-65.7875,9
5548.7679,-157.0123,-309.8901,-67.2009,-7.8856,-7.3149,-9.6257,-11.493,-6.1981,-46.5901,-65.721,9
5550.0476,-156.7461,-309.171,-67.3417,-7.6856,-7.3432,-9.5732,-11.3909,-6.1876,-46.4621,-65.6405,9
5551.3197,-156.3091,-308.4165,-67.3854,-7.2439,-7.3198,-9.7099,-11.3329,-6.2129,-46.304,-65.5478,9
5552.6174,-155.6702,-307.6268,-67.3791,-7.0168,-7.2722,-9.8024,-11.3018,-6.2954,-46.1814,-65.4445,9
5553.8898,-155.083,-306.8019,-67.3386,-6.9699,-7.2958,-9.6336,-11.3676,-6.3468,-46.1876,-65.3316,9
5555.1922,-154.5684,-305.9417,-67.3256,-7.3275,-7.2959,-9.7086,-11.3718,-6.6223,-46.0579,-65.2099,9
5556.4723,-154.0785,-305.046,-67.2739,-7.845,-7.2403,-9.5811,-11.3889,-6.4969,-45.9546,-65.1199,9
5557.723,-153.6168,-304.1145,-67.2039,-8.2137,-7.1219,-9.5733,-11.3602,-6.5731,-45.9268,-64.9899,9
5559.0114,-153.0974,-303.1867,-67.1621,-7.7746,-7.033,-9.6369,-11.319,-6.503,-45.7116,-64.8393,9
5560.302,-152.538,-302.2302,-67.3232,-7.3097,-7.1231,-9.6859,-11.275,-6.4546,-45.3952,-64.9151,9
5562.3439,-151.8269,-301.1517,-67.3151,-7.4772,-7.0973,-9.7558,-11.2347,-6.375,-45.2217,-64.7923,9
5563.6286,-151.1888,-300.0492,-67.2274,-7.5628,-7.0238,-9.9779,-11.1984,-6.6279,-45.0683,-64.6274,9
5564.8921,-150.6083,-298.7569,-67.0958,-7.4853,-6.928,-9.9395,-11.205,-6.6832,-44.882,-64.2702,9
5566.224,-150.0728,-297.4835,-66.8764,-6.8945,-6.8363,-9.811,-11.2613,-6.744,-44.717,-64.0368,9
5567.522,-149.3569,-296.2099,-66.721,-7.0231,-6.7934,-9.7815,-11.2017,-6.8252,-44.5554,-63.8114,9
5568.7904,-148.6461,-294.9311,-66.591,-7.16,-6.726,-9.8031,-11.183,-6.8743,-44.4314,-63.637,9
5570.0446,-147.9637,-293.6301,-66.4703,-7.263,-6.651,-9.921,-11.1345,-6.9462,-44.2272,-63.6654,9
5571.3515,-147.2402,-292.2992,-66.3433,-7.3846,-6.5734,-9.9278,-10.9631,-7.016,-44.0332,-63.324,9
5572.5833,-146.4845,-290.9344,-66.2063,-7.6579,-6.539,-9.9299,-10.8869,-7.0384,-43.7978,-63.1022,9
5573.8739,-145.701,-289.5737,-66.1389,-8.2264,-6.3158,-9.9237,-10.9328,-7.0815,-43.5938,-62.8278,9
6050.0618,-147.1726,-281.2139,-47.4091,-7.3451,-8.1032,-7.1478,-9.2795,-2.5296,-42.9482,-54.9488,17
6051.3965,-147.6279,-282.1125,-47.7202,-7.4734,-8.1553,-7.2118,-9.3086,-2.5698,-43.0695,-55.2239,17
6052.738,-147.827,-282.8317,-48.0832,-7.0887,-8.1715,-7.306,-9.2946,-2.6379,-43.1964,-55.5311,17
6054.0496,-148.2171,-283.6581,-48.4203,-6.9576,-8.1721,-7.4398,-9.27,-2.6694,-43.3272,-55.8583,17
6055.4258,-148.4338,-284.5945,-48.8033,-6.7243,-8.1648,-7.451,-9.2884,-2.8902,-43.6042,-56.0866,17
6056.7549,-148.7152,-285.5885,-49.4146,-6.8417,-8.1972,-7.4587,-9.3241,-2.9885,-43.7785,-56.2635,17
6058.101,-149.0344,-286.5185,-49.6081,-7.0988,-8.2388,-7.4663,-9.4035,-2.9949,-43.6978,-56.455,17
6059.4129,-149.4331,-287.5911,-49.9738,-7.4152,-8.3166,-7.4825,-9.4067,-3.0043,-43.8605,-56.6483,17
6060.798,-149.7019,-288.3394,-50.3277,-7.4116,-8.3127,-7.6633,-9.4242,-3.1055,-43.9791,-56.8358,17
6062.1142,-150.027,-289.1311,-50.7166,-7.5718,-8.3189,-7.7588,-9.4448,-2.9537,-44.0835,-57.013,17
6063.4568,-150.504,-289.92,-51.0421,-7.7266,-8.3252,-7.8127,-9.6295,-2.9408,-44.1628,-56.9808,17
6064.7994,-150.6723,-290.8315,-51.4089,-7.8322,-8.3334,-7.9199,-9.7254,-3.0223,-44.2323,-57.1414,17
6066.1888,-150.9253,-291.5118,-51.6867,-7.9373,-8.2991,-7.9579,-9.7363,-3.024,-44.4571,-57.3686,17
6067.5257,-151.0662,-292.2323,-52.0063,-7.9489,-8.174,-7.931,-9.7099,-3.0766,-44.3513,-57.6156,17
6068.9203,-151.3037,-292.9178,-52.323,-7.8509,-8.0351,-7.8463,-9.8811,-3.1421,-44.3124,-57.883,17
6070.246,-151.557,-293.6417,-52.6676,-7.9719,-8.0344,-7.8022,-9.7019,-3.1734,-44.3847,-58.1746,17
6071.6197,-151.804,-294.3292,-53.1201,-7.7599,-8.0066,-7.8274,-9.6688,-3.3918,-44.5096,-58.3696,17
6072.9428,-151.9078,-295.0018,-53.4941,-7.5904,-8.0531,-7.8806,-9.6465,-3.409,-44.7577,-58.6384,17
6074.3302,-152.1648,-295.7049,-53.7737,-7.7365,-8.1516,-7.9786,-9.5314,-3.3598,-44.7332,-58.8701,17
6075.6722,-152.5376,-296.4116,-54.0836,-7.9129,-8.1739,-8.0392,-9.5562,-3.2126,-44.7407,-58.9561,17
6077.0588,-152.7592,-297.0285,-54.4327,-7.8336,-8.2005,-8.0807,-9.5496,-3.1905,-44.8002,-59.1118,17
6078.4074,-152.9827,-297.6123,-54.6176,-7.7438,-8.2201,-8.1114,-9.5807,-3.2267,-44.9286,-59.4892,17
6079.7922,-153.2244,-298.1882,-54.7051,-7.8684,-8.236,-8.2197,-9.6161,-3.1296,-45.2256,-59.5122,17
6081.0796,-153.4588,-298.7687,-54.9347,-7.8657,-8.2853,-8.3039,-9.7718,-3.162,-45.1397,-59.6593,17
6082.4629,-153.8686,-299.3126,-55.2996,-7.9002,-8.297,-8.1309,-9.7068,-3.2416,-45.1334,-59.796,17
6083.7804,-153.9298,-299.688,-55.6514,-7.9756,-8.3313,-8.0539,-9.5346,-3.3401,-45.1548,-59.983,17
6085.1715,-154.1107,-300.1919,-56.0076,-8.0242,-8.3245,-7.9498,-9.5077,-3.4308,-45.1665,-60.1693,17
6086.5751,-154.4304,-300.8303,-56.3346,-8.0165,-8.3436,-7.9492,-9.51,-3.67,-45.3732,-60.3435,17
6087.9065,-154.5777,-301.5079,-56.5912,-8.0708,-8.3255,-7.8657,-9.569,-3.6114,-45.4607,-60.501,17
6089.2406,-154.6838,-301.8876,-57.0113,-8.0632,-8.2963,-7.9326,-9.634,-3.6226,-45.5377,-60.6842,17
6090.5985,-155.0015,-302.3338,-57.1737,-7.9201,-8.2641,-8.0038,-9.8925,-3.6571,-45.5939,-60.8639,17
6091.9716,-155.0825,-302.769,-57.4897,-7.791,-8.2352,-8.1145,-9.9792,-3.916,-45.5639,-60.9901,17
6093.4213,-155.1943,-303.2197,-57.7112,-7.8136,-8.2102,-8.1797,-9.9918,-3.8576,-45.5913,-61.1307,17
6094.7503,-155.2956,-303.6722,-57.944,-7.8968,-8.228,-8.2229,-10.008,-3.8206,-45.6789,-61.2689,17
6096.1837,-155.5942,-304.0838,-58.2035,-7.9907,-8.2158,-8.214,-9.9524,-3.8748,-45.7015,-61.3609,17
6097.5426,-155.7184,-304.4827,-58.463,-8.15,-8.1919,-8.3143,-9.9241,-3.856,-45.8971,-61.4745,17
6098.9311,-155.8033,-304.8382,-58.7473,-8.0285,-8.1629,-8.3628,-10.0304,-3.9397,-46.1237,-61.6311,17
6100.2727,-155.8534,-305.1059,-59.0599,-7.9879,-8.1354,-8.3917,-10.1333,-3.9698,-46.0108,-61.5532,17
6101.6556,-152.2521,-305.3993,-59.3985,-7.7822,-8.1502,-8.408,-10.2989,-3.988,-45.9471,-61.6546,17
6103.0154,-151.6731,-305.6743,-59.636,-7.8856,-8.175,-8.4242,-10.0958,-4.0418,-45.8712,-61.9741,17
6104.3316,-152.1938,-305.9574,-59.9419,-8.1218,-8.1963,-8.483,-10.1945,-4.0702,-46.0599,-62.1037,17
6105.6618,-153.1993,-306.2085,-60.0858,-8.2989,-8.3277,-8.5124,-10.2241,-4.1732,-46.1507,-62.2261,17
6107.7396,-154.2692,-306.4581,-60.2558,-8.3351,-8.354,-8.5308,-10.0022,-4.2523,-46.1528,-62.3667,17
6109.0613,-154.8289,-306.7133,-60.4665,-8.432,-8.295,-8.5446,-9.9512,-4.2793,-46.1512,-62.5506,17
6110.3806,-155.2592,-306.9346,-60.6874,-8.501,-8.2455,-8.7203,-9.895,-4.2873,-46.1933,-62.6089,17
6111.7133,-155.5984,-307.2685,-60.8961,-8.3967,-8.1687,-8.6108,-9.8994,-4.3359,-46.2075,-62.6993,17
6113.1531,-155.9777,-307.3865,-61.1258,-8.4449,-8.1339,-8.4603,-9.9173,-4.3614,-46.1273,-62.7925,17
6114.4634,-156.178,-307.5237,-61.5059,-8.4638,-8.0751,-8.3555,-9.9394,-4.5825,-46.1023,-63.0848,17
6115.8483,-156.3083,-307.7913,-61.7392,-8.5196,-8.0946,-8.4218,-9.9585,-4.6444,-46.1008,-63.0063,17
6117.2099,-156.2935,-307.9811,-61.8994,-8.4945,-8.0536,-8.4643,-10.0138,-4.7281,-46.1099,-63.0126,17
6118.607,-156.299,-308.1354,-62.0581,-8.4884,-8.0349,-8.5732,-9.994,-4.7644,-46.1158,-63.0443,17
6119.9163,-156.3341,-308.2272,-62.2546,-8.491,-7.9794,-8.5257,-10.031,-4.9131,-46.0755,-63.1022,17
6121.2626,-156.2799,-308.2638,-62.412,-8.4223,-7.9585,-8.5553,-10.0412,-4.7242,-46.0611,-63.1592,17
6122.72,-156.259,-308.2903,-62.5448,-8.6201,-7.9478,-8.6485,-10.2442,-4.6931,-46.0143,-63.2887,17
6124.1659,-156.3489,-308.2821,-62.6606,-8.7241,-8.0198,-8.7204,-10.0814,-4.6857,-46.0007,-63.4257,17
6125.4903,-156.2836,-308.3923,-62.8477,-8.7035,-8.0239,-8.7725,-10.0547,-4.7118,-45.9947,-63.4256,17
6126.8939,-156.1841,-308.2517,-62.9647,-8.6308,-8.1979,-8.8497,-10.0321,-4.785,-45.9083,-63.4537,17
6128.2336,-156.0542,-308.1249,-63.1309,-8.598,-8.0366,-8.8482,-10.0322,-4.7906,-45.8791,-63.3674,17
6129.6186,-155.9108,-308.0141,-63.2564,-8.6723,-7.9787,-8.8625,-9.9931,-4.8177,-46.0682,-63.3394,17
6130.9816,-155.7538,-307.8911,-63.3615,-8.7768,-7.8737,-8.8417,-9.986,-4.8535,-46.0222,-63.4136,17
6132.3901,-155.8234,-307.7306,-63.5699,-8.7155,-7.6991,-8.8582,-9.9911,-4.8574,-45.8883,-63.6361,17
6133.7353,-155.4874,-307.6858,-63.713,-8.7219,-7.6363,-8.8876,-9.9215,-4.8951,-45.7654,-63.6311,17
6135.1388,-155.4212,-307.5111,-63.8588,-8.5527,-7.6608,-9.0414,-9.9143,-4.9058,-45.6687,-63.6168,17
6136.5141,-155.251,-307.4155,-64.0646,-8.5569,-7.8714,-9.0166,-9.9297,-4.9538,-45.6305,-63.6704,17
6137.9079,-155.0469,-307.0496,-63.9885,-8.4609,-7.7048,-9.0138,-9.954,-5.0131,-45.608,-63.6252,17
6139.2263,-154.8038,-306.6982,-63.9483,-8.4747,-7.62,-9.1761,-9.9738,-5.0354,-45.5435,-63.6245,17
6140.6061,-154.5826,-306.3663,-64.0086,-8.5597,-7.6839,-9.0628,-9.9872,-5.046,-45.5005,-63.5891,17
6141.9627,-154.3162,-306.0648,-64.0724,-8.5042,-7.563,-9.0292,-9.9949,-5.0972,-45.4997,-63.5836,17
6143.3651,-154.0646,-305.8143,-64.1676,-8.5241,-7.5035,-9.0237,-9.9984,-5.1235,-45.5434,-63.6184,17
6144.6995,-153.8021,-305.4894,-64.2563,-8.6468,-7.4621,-9.045,-9.9586,-5.2237,-45.5014,-63.5737,17
6146.1262,-153.482,-305.0122,-64.3302,-8.6756,-7.4773,-9.0301,-9.9484,-5.2192,-45.4189,-63.5352,17
6147.4758,-153.1708,-304.4922,-64.4254,-8.7438,-7.5005,-9.0452,-9.949,-5.2258,-45.3581,-63.4909,17
6148.842,-152.8498,-303.9762,-64.432,-8.6121,-7.4753,-9.0699,-9.7537,-5.2782,-45.2228,-63.4823,17
6150.1355,-152.513,-303.4781,-64.4839,-8.5161,-7.4677,-9.2976,-9.7158,-5.3103,-45.1473,-63.4731,17
6151.5433,-152.1148,-303.0296,-64.539,-8.4075,-7.4601,-9.122,-9.7783,-5.4154,-45.0467,-63.4499,17
6152.9191,-151.7666,-302.587,-64.626,-8.4027,-7.5687,-8.8703,-9.8344,-5.4141,-44.9388,-63.5674,17
6154.3462,-151.4979,-301.7677,-64.5426,-8.1958,-7.5331,-8.943,-9.8693,-5.4222,-44.8239,-63.5391,17
6155.6205,-151.0656,-301.0067,-64.5243,-8.3121,-7.6436,-8.8611,-9.8445,-5.4349,-44.7066,-63.4447,17
6157.0407,-150.64,-300.3271,-64.6829,-8.4439,-7.4156,-8.9403,-9.8405,-5.4582,-44.6273,-63.3145,17
6158.3845,-150.1968,-299.6562,-64.5989,-8.4523,-7.221,-8.9301,-9.9226,-5.6069,-44.6733,-63.1379,17
6159.7763,-149.6586,-298.939,-64.6271,-8.3614,-7.1338,-8.9794,-9.8217,-5.5423,-44.6152,-63.0328,17
6161.1345,-149.2004,-298.2374,-64.5917,-8.2511,-7.1068,-9.1953,-9.8266,-5.6568,-44.5441,-63.0677,17
6162.5365,-148.7508,-297.4892,-64.5784,-8.3593,-7.1752,-9.0811,-9.7814,-5.6171,-44.3298,-63.0049,17
6163.8642,-148.2836,-296.6345,-64.5553,-8.5741,-7.0937,-8.9435,-9.7707,-5.464,-44.0384,-62.8478,17
6165.2691,-147.9402,-295.7789,-64.5601,-8.7952,-7.0009,-8.8913,-9.7648,-5.6509,-43.8598,-62.6883,17
6166.5768,-147.272,-294.7973,-64.517,-8.8549,-6.946,-8.9337,-9.7203,-5.5429,-43.77,-62.4897,17
6167.8909,-146.7671,-293.7808,-64.4862,-8.9644,-7.0713,-8.9629,-9.6235,-5.5566,-43.5423,-62.2826,17
6169.2571,-146.0444,-292.7562,-64.4045,-8.9954,-7.072,-9.138,-9.5988,-5.7605,-43.3878,-61.9936,17
6170.6537,-145.4196,-291.734,-64.4595,-8.9612,-7.0162,-9.0935,-9.5615,-6.0205,-43.2117,-61.7308,17
6172.0192,-144.8032,-290.6269,-64.4125,-9.0267,-6.891,-9.0974,-9.6434,-5.8976,-43.0728,-61.5662,17
6173.3926,-144.2173,-289.569,-64.5557,-8.9623,-6.9171,-9.1098,-9.5869,-5.852,-43.0144,-61.4721,17
6174.7243,-143.7667,-288.2341,-64.4336,-9.0657,-6.8252,-9.2121,-9.7255,-5.8439,-43.0431,-61.3409,17
6176.1566,-142.9082,-286.946,-64.2949,-9.0495,-6.7378,-9.2459,-9.5415,-5.7923,-42.8638,-61.1353,17
6177.5178,-142.1473,-285.8007,-64.1358,-9.0008,-6.8483,-9.2071,-9.6719,-5.7722,-42.5203,-60.9337,17
6178.907,-141.4012,-284.4187,-63.8588,-8.9416,-6.6077,-9.1825,-9.6792,-5.8089,-42.4932,-60.727,17
6655.7748,-145.8637,-276.9017,-45.179,-10.5632,-8.1775,-9.6067,-8.8772,-4.8597,-42.2603,-54.6458,18
6657.1509,-146.1331,-277.8762,-45.5706,-10.6083,-8.1336,-9.6415,-8.8953,-4.8231,-42.3334,-54.8304,18
6658.6202,-146.4306,-278.787,-45.9747,-10.374,-8.1216,-9.8519,-8.8922,-4.939,-42.4666,-55.021,18
6660.118,-146.7218,-279.5368,-46.3934,-10.3462,-8.1336,-9.8098,-8.8838,-4.9907,-42.6905,-55.2458,18
6661.5451,-147.1525,-280.3554,-46.824,-10.4515,-8.1901,-9.6847,-8.9189,-5.0081,-42.7237,-55.4672,18
6662.969,-147.4359,-281.1979,-47.1036,-10.5237,-8.2139,-9.7842,-8.8863,-5.0056,-42.9304,-55.6739,18
6664.3989,-147.7331,-282.0884,-47.2778,-10.5253,-8.2632,-9.8431,-8.9166,-4.963,-43.0523,-55.9425,18
6665.8623,-148.132,-282.9365,-47.6199,-10.7396,-8.3133,-9.8834,-8.9245,-5.0765,-43.3035,-56.1324,18
6667.3124,-148.2217,-283.6789,-48.0894,-10.7623,-8.3586,-9.9019,-8.9282,-5.3111,-43.362,-56.3258,18
6668.7078,-148.3749,-284.4277,-48.4089,-10.8789,-8.3549,-9.9549,-8.9286,-5.1964,-43.5957,-56.5079,18
6670.1766,-148.5913,-285.1052,-48.9302,-11.0032,-8.3752,-9.9753,-8.9705,-5.0496,-43.6586,-56.642,18
6671.6917,-148.8004,-285.8168,-49.1905,-11.043,-8.3623,-9.9836,-8.9828,-4.9919,-43.6682,-56.7581,18
6673.1358,-148.999,-286.6282,-49.4776,-10.9642,-8.3828,-10.1467,-8.9841,-5.1148,-43.6576,-56.7907,18
6674.5825,-149.4282,-287.2306,-49.7926,-11.0977,-8.3719,-10.1834,-8.981,-5.1659,-43.8585,-56.9315,18
6676.0028,-149.7015,-287.82,-50.1541,-11.0533,-8.3542,-10.1715,-9.02,-5.2215,-43.7549,-57.1904,18
6677.4793,-149.9435,-288.6647,-50.2669,-11.1603,-8.3765,-10.1389,-9.0298,-5.2653,-43.7677,-57.3952,18
6678.9465,-150.1517,-289.1539,-50.5448,-11.4974,-8.2522,-10.1525,-9.0692,-5.2648,-43.8997,-57.6036,18
6680.3265,-150.3887,-289.833,-50.9502,-11.3955,-8.2564,-10.1846,-9.0725,-5.2506,-43.9572,-57.9552,18
6681.7324,-150.8246,-290.3741,-51.2625,-11.4278,-8.4253,-10.181,-9.1052,-5.2765,-44.0212,-58.0452,18
6683.226,-150.8084,-290.9897,-51.637,-11.2949,-8.4746,-10.2053,-9.3033,-5.2774,-44.04,-58.1256,18
6684.5975,-150.935,-291.5952,-51.9619,-11.228,-8.3876,-10.2376,-9.1721,-5.2725,-44.0519,-58.2818,18
6686.0356,-151.0671,-292.1763,-52.2956,-10.9503,-8.379,-10.2317,-9.1832,-5.2672,-44.2266,-58.3917,18
6687.4777,-151.3445,-292.7602,-52.4483,-11.0116,-8.4068,-10.4138,-9.1971,-5.4268,-44.2413,-58.6057,18
6688.9814,-151.5241,-293.3583,-52.746,-11.3455,-8.4496,-10.3162,-9.1867,-5.3034,-44.2436,-58.8375,18
6690.3864,-151.7411,-293.851,-53.0798,-11.4976,-8.4871,-10.3376,-9.2426,-5.3807,-44.2803,-58.9797,18
6691.8722,-151.9115,-294.5687,-53.6134,-11.3873,-8.516,-10.1914,-9.1546,-5.5129,-44.3383,-59.3198,18
6693.2606,-152.1026,-295.2317,-53.9179,-11.4312,-8.4973,-10.2239,-9.3117,-5.7404,-44.321,-59.3335,18
6694.7623,-152.167,-295.5918,-54.1611,-11.0556,-8.505,-10.2712,-9.1296,-5.5982,-44.4437,-59.3685,18
6696.2274,-152.2752,-296.0699,-54.3649,-11.2024,-8.6415,-10.2064,-9.0224,-5.5061,-44.5223,-59.6521,18
6697.7376,-152.4775,-296.4502,-54.6427,-11.3872,-8.7248,-10.1855,-9.0284,-5.6852,-44.7417,-59.8515,18
6699.203,-152.5831,-296.9196,-54.9343,-11.4592,-8.6943,-10.2656,-9.2515,-5.5931,-44.815,-60.0026,18
6700.6262,-152.6896,-297.3079,-55.3345,-11.4568,-8.7019,-10.2971,-9.114,-5.5771,-44.8312,-60.1555,18
6702.1045,-152.8289,-297.6966,-55.4954,-11.5901,-8.8045,-10.3455,-9.0642,-5.581,-44.8219,-60.3046,18
6703.5768,-152.9756,-298.1038,-55.6527,-11.6791,-8.6498,-10.3895,-9.0455,-5.6085,-44.7755,-60.3647,18
6705.0358,-153.1528,-298.6585,-55.8863,-11.7823,-8.4245,-10.4296,-9.099,-5.4786,-44.769,-60.4362,18
6706.4394,-153.2813,-298.9769,-56.2287,-11.7888,-8.3251,-10.4225,-8.9652,-5.4345,-44.6618,-60.5538,18
6707.8932,-153.381,-299.3153,-56.4617,-11.7638,-8.3392,-10.4413,-9.1443,-5.4705,-44.5807,-60.6864,18
6709.3971,-153.501,-299.874,-56.6807,-11.7323,-8.3944,-10.4682,-9.2052,-5.4999,-44.643,-60.8548,18
6710.796,-153.578,-300.0255,-56.881,-11.8293,-8.4096,-10.4974,-9.3833,-5.5607,-44.4748,-60.9793,18
6712.2696,-153.6739,-300.2332,-57.1133,-11.7599,-8.6435,-10.5231,-9.4401,-5.5025,-44.6116,-61.279,18
6713.6759,-153.7242,-300.4829,-57.3446,-11.6836,-8.5171,-10.5446,-9.4104,-5.7344,-44.5916,-61.4432,18
6715.1139,-153.7551,-300.711,-57.7232,-11.6528,-8.4825,-10.5628,-9.3886,-5.8348,-44.6516,-61.5045,18
6716.609,-153.8946,-300.9114,-57.7962,-11.6132,-8.4348,-10.5784,-9.338,-5.8797,-44.677,-61.72,18
6718.0186,-153.9732,-301.085,-57.9705,-11.7384,-8.446,-10.6722,-9.2884,-5.926,-44.7744,-61.6119,18
6719.5049,-153.9769,-301.4378,-58.1685,-11.7422,-8.6303,-10.8207,-9.3259,-5.9343,-44.9583,-61.5773,18
6721.0509,-153.865,-301.6514,-58.4594,-11.7441,-8.5268,-10.7265,-9.2702,-5.9721,-45.0648,-61.5742,18
6722.6172,-153.8482,-301.7902,-58.6723,-11.7389,-8.4929,-10.7175,-9.2697,-5.9358,-45.1621,-61.6061,18
6724.1268,-153.7457,-301.7965,-58.8423,-11.7791,-8.3602,-10.5394,-9.405,-6.1226,-45.1147,-61.6482,18
6725.587,-153.9063,-301.8424,-59.2252,-11.91,-8.5056,-10.5412,-9.3719,-5.9608,-45.1044,-61.7322,18
6727.0884,-153.9622,-301.8966,-59.2461,-12.0136,-8.522,-10.5239,-9.3203,-5.8652,-45.1062,-61.6228,18
6728.4979,-153.9653,-301.9854,-59.3128,-11.8896,-8.5324,-10.6717,-9.3831,-5.8404,-45.0753,-61.666,18
6729.936,-154.1242,-302.0618,-59.5121,-11.74,-8.6845,-10.6083,-9.2848,-5.9042,-44.992,-61.7594,18
6731.4359,-153.9045,-302.1094,-59.5212,-11.5671,-8.5482,-10.7217,-9.2235,-5.9482,-44.9389,-61.8687,18
6732.8611,-153.7693,-302.1619,-59.6331,-11.5843,-8.448,-10.6741,-9.3387,-5.9371,-44.8628,-61.9612,18
6734.369,-153.6592,-302.1886,-59.8127,-11.468,-8.4471,-10.6672,-9.3461,-6.027,-44.7881,-62.2328,18
6735.7798,-153.7334,-302.1791,-59.9725,-11.5643,-8.3338,-10.6676,-9.4306,-5.9823,-44.7592,-62.3663,18
6737.2617,-153.5545,-302.0097,-60.1481,-11.5139,-8.3134,-10.6789,-9.3597,-5.9808,-44.787,-62.3892,18
6738.7703,-153.3275,-301.8589,-60.3109,-11.4665,-8.2825,-10.8508,-9.3288,-5.9919,-44.8645,-62.5589,18
6740.1868,-153.1649,-301.704,-60.4565,-11.6179,-8.2966,-10.733,-9.2716,-6.0943,-44.8585,-62.439,18
6741.6128,-153.0748,-301.6191,-60.6225,-11.7838,-8.3176,-10.53,-9.2595,-6.0928,-44.8132,-62.3957,18
6743.009,-152.7955,-301.4869,-60.7795,-11.7679,-8.4557,-10.6014,-9.2216,-6.2553,-44.7105,-62.4155,18
6744.4328,-152.6156,-301.3496,-60.8779,-11.8389,-8.3291,-10.6542,-8.9801,-6.1686,-44.6382,-62.3844,18
6745.882,-152.4615,-301.3755,-61.0263,-11.969,-8.2839,-10.6954,-9.1402,-6.0528,-44.6199,-62.3707,18
6747.4059,-152.3521,-300.9593,-61.1365,-12.0669,-8.2663,-10.7126,-9.1388,-5.9784,-44.7359,-62.3564,18
6748.8284,-152.23,-300.6266,-61.304,-11.9313,-8.2704,-10.7207,-9.1671,-5.9842,-44.6293,-62.2604,18
6750.361,-152.038,-300.2599,-61.388,-11.769,-8.2734,-10.7248,-9.1402,-6.0203,-44.5655,-62.2614,18
6751.7698,-151.7631,-300.0063,-61.4344,-11.5833,-8.2706,-10.7669,-9.1041,-6.181,-44.4687,-62.2481,18
6753.2904,-151.6534,-299.7093,-61.5403,-11.4679,-8.2617,-10.7357,-9.1065,-6.1194,-44.5327,-62.2257,18
6754.9783,-151.4111,-299.121,-61.5367,-11.4351,-8.2481,-10.7625,-9.0814,-6.1082,-44.2675,-62.1876,18
6756.6265,-151.1879,-298.6672,-61.5768,-11.557,-8.3908,-10.7633,-9.2879,-6.1123,-44.1125,-62.1388,18
6758.0584,-150.9408,-298.2409,-61.6232,-11.7109,-8.4027,-10.8773,-9.2999,-6.1729,-43.9991,-62.1209,18
6759.5459,-150.5899,-297.8847,-61.6689,-11.9268,-8.3612,-10.9698,-9.2783,-6.1619,-43.9182,-62.103,18
6760.9555,-150.152,-297.4162,-61.7428,-12.1214,-8.2946,-10.8799,-9.1936,-6.1671,-43.8389,-61.8726,18
6762.498,-149.7658,-296.8681,-61.7715,-11.9532,-8.2711,-10.6919,-9.1455,-6.2959,-43.753,-61.744,18
6763.8844,-149.3941,-296.257,-62.0153,-11.7949,-8.1034,-10.6182,-9.0754,-6.0929,-43.779,-61.7346,18
6765.4084,-149.0168,-295.6404,-62.0906,-11.7021,-8.226,-10.5641,-9.0069,-6.0425,-43.7414,-61.8401,18
6766.8552,-148.5781,-295.1118,-62.0485,-11.5004,-8.226,-10.5678,-8.9444,-6.0497,-43.5862,-61.7844,18
6768.3973,-148.1468,-294.4035,-61.9924,-11.5262,-8.1835,-10.6245,-8.9314,-6.293,-43.3864,-61.8126,18
6769.8139,-147.7038,-293.6394,-61.9389,-11.3031,-7.9927,-10.6494,-8.8942,-6.3349,-43.2227,-61.7185,18
6771.3095,-147.243,-292.8223,-61.8891,-11.3885,-7.8996,-10.6146,-8.8498,-6.4157,-43.2397,-61.5785,18
6772.7939,-146.7581,-291.9278,-61.8366,-11.6768,-7.812,-10.4792,-8.9631,-6.5274,-43.0159,-61.4933,18
6774.2795,-146.2884,-291.0263,-61.8986,-11.6402,-7.7805,-10.488,-8.9917,-6.6021,-42.9141,-61.3396,18
6775.6698,-145.7224,-290.0979,-61.738,-11.8731,-7.9229,-10.5071,-8.9406,-6.4884,-42.638,-61.3191,18
6777.2018,-145.1519,-289.2546,-61.6677,-11.9114,-7.9388,-10.5282,-8.7762,-6.4425,-42.4878,-60.997,18
6778.6093,-144.5655,-288.3131,-61.5791,-12.0438,-7.8978,-10.5367,-8.8361,-6.3896,-42.4922,-60.7502,18
6780.0433,-143.9632,-287.2576,-61.5306,-11.7284,-7.8275,-10.5361,-8.6449,-6.3507,-42.2503,-60.5312,18
6781.5296,-143.3396,-286.1684,-61.4801,-11.5847,-7.9167,-10.569,-8.5528,-6.4387,-42.2424,-60.3377,18
6783.0312,-142.8135,-285.0016,-61.3771,-11.5142,-7.8833,-10.5651,-8.5346,-6.4784,-41.9616,-60.1453,18
6784.4415,-142.0087,-283.8272,-61.248,-11.5754,-7.8039,-10.5449,-8.3926,-6.4537,-41.7674,-59.9865,18
7260.1258,-146.5482,-279.4526,-46.3003,-14.3413,-7.3246,-9.1305,-9.1477,-4.6264,-42.9309,-55.3822,16
7261.6978,-146.8222,-280.3286,-46.6128,-14.2445,-7.3495,-8.9936,-9.1452,-4.8643,-43.0661,-55.667,16
7263.2427,-147.2096,-281.2379,-47.195,-14.3272,-7.3713,-8.9827,-9.1427,-4.7693,-43.2165,-55.8934,16
7264.731,-147.3732,-282.2634,-47.6166,-14.3841,-7.391,-8.8214,-9.1434,-4.7648,-43.4713,-56.0846,16
7266.3422,-147.6235,-283.213,-47.9948,-14.4716,-7.4091,-8.8422,-9.3475,-4.7838,-43.6514,-56.2536,16
7267.8418,-147.8894,-283.9482,-48.3205,-14.3513,-7.4262,-9.1217,-9.3939,-4.8274,-43.7455,-56.4523,16
7269.4448,-148.1593,-284.6489,-48.7,-14.2608,-7.4423,-9.06,-9.378,-4.8696,-43.6384,-56.6531,16
7271.0028,-148.4527,-285.3533,-49.0364,-14.3176,-7.4979,-9.1198,-9.3745,-4.9853,-43.6487,-57.0054,16
7272.574,-148.7364,-286.0796,-49.5021,-14.4314,-7.5609,-9.1246,-9.3454,-4.9906,-43.5526,-57.0964,16
7274.1142,-148.9604,-286.7811,-49.7341,-14.4292,-7.7788,-9.1682,-9.3557,-4.9977,-43.6518,-57.2606,16
7275.661,-149.0743,-287.4832,-50.0439,-14.3025,-7.6576,-9.1741,-9.3389,-4.9626,-43.8089,-57.4392,16
7277.1734,-149.2783,-288.1134,-50.3628,-14.3128,-7.4355,-9.21,-9.3182,-4.9653,-43.9368,-57.6283,16
7278.703,-149.712,-288.898,-50.7216,-14.3798,-7.527,-9.2118,-9.2594,-4.9827,-43.8741,-57.8478,16
7280.2727,-149.8704,-289.3707,-51.1096,-14.3851,-7.6146,-9.2452,-9.3594,-4.9666,-43.9596,-58.0233,16
7281.802,-150.0859,-290.0955,-51.402,-14.4438,-7.6526,-9.2455,-9.3824,-4.9415,-44.0948,-58.2155,16
7283.3638,-150.4222,-290.7427,-51.6878,-14.5136,-7.6134,-9.2777,-9.3775,-4.9588,-44.403,-58.3619,16
7284.9188,-150.5462,-291.3869,-52.16,-14.5428,-7.8363,-9.2769,-9.3574,-4.8725,-44.5644,-58.5705,16
7286.4519,-150.5538,-291.986,-52.4235,-14.5928,-8.0425,-9.4283,-9.3406,-4.8453,-44.6529,-58.6668,16
7287.9831,-150.6949,-292.587,-52.6849,-14.5647,-8.094,-9.4508,-9.33,-4.8838,-44.6605,-58.7288,16
7289.521,-150.9339,-293.2008,-52.9696,-14.6376,-8.0305,-9.4271,-9.2451,-4.8671,-44.6914,-58.9045,16
7291.105,-151.396,-293.7886,-53.2618,-14.5768,-7.8583,-9.3053,-9.2281,-4.8725,-44.8947,-59.0771,16
7292.6822,-151.6781,-294.2568,-53.5836,-14.8038,-7.8027,-9.296,-9.1594,-5.0442,-44.8168,-59.2809,16
7294.2192,-152.1062,-294.8281,-53.9768,-14.8158,-7.8033,-9.2923,-9.168,-4.9334,-44.8151,-59.5559,16
7295.6933,-152.1265,-295.4462,-54.2862,-14.8776,-7.9501,-9.2174,-9.2009,-4.8994,-44.919,-59.6709,16
7297.3101,-152.2226,-296.0052,-54.5875,-14.736,-8.0022,-9.2056,-9.2813,-4.8925,-44.9837,-60.0456,16
7298.7786,-152.3382,-296.5437,-54.9067,-14.7166,-8.1715,-9.1008,-9.3634,-4.872,-44.905,-60.0269,16
7300.4078,-152.4759,-297.0796,-55.097,-14.7837,-8.1909,-9.145,-9.3931,-4.8474,-44.9071,-60.1331,16
7301.9512,-152.6488,-297.5825,-55.2417,-14.7223,-8.159,-9.1944,-9.2377,-4.9458,-44.9453,-60.3098,16
7303.4989,-152.8187,-298.2815,-55.4965,-14.5408,-8.1084,-9.2844,-9.0811,-4.916,-44.9613,-60.4376,16
7305.056,-153.0923,-298.5445,-55.7467,-14.4634,-8.0667,-9.3693,-9.1117,-4.9269,-45.0064,-60.5753,16
7306.6049,-153.2087,-298.893,-55.9869,-14.4447,-8.0375,-9.4007,-9.2138,-4.9467,-45.0571,-60.7853,16
7308.1022,-153.3396,-299.2073,-56.2894,-14.4974,-7.8587,-9.2875,-9.2854,-5.1347,-45.1065,-60.9648,16
7309.6706,-153.5379,-299.5574,-56.5956,-14.524,-7.8153,-9.3416,-9.3268,-5.1925,-45.0289,-61.117,16
7311.2304,-153.583,-299.9742,-56.8832,-14.5369,-7.8281,-9.2907,-9.3488,-5.1953,-45.2001,-61.1241,16
7312.7649,-153.6498,-300.3423,-57.3024,-14.5418,-7.7471,-9.2978,-9.3622,-5.1717,-45.1555,-61.1714,16
7314.325,-153.6745,-300.7027,-57.4887,-14.6256,-7.7597,-9.3176,-9.3711,-5.19,-45.1278,-61.318,16
7315.8601,-153.7303,-301.0265,-57.7082,-14.8461,-7.8025,-9.2255,-9.2974,-5.1839,-45.1397,-61.3742,16
7317.4298,-153.7884,-301.2313,-57.9233,-14.9616,-7.8149,-9.2264,-9.2858,-5.1719,-45.1354,-61.5171,16
7318.967,-153.8398,-301.3809,-58.0582,-14.898,-7.77,-9.301,-9.2983,-5.1993,-45.165,-61.5936,16
7320.5486,-153.9579,-301.6654,-58.2043,-14.9341,-7.8307,-9.3566,-9.321,-5.1993,-45.2397,-61.6881,16
7322.1095,-153.918,-301.9322,-58.3944,-14.9658,-7.8414,-9.3928,-9.3405,-5.1912,-45.3592,-61.778,16
7323.9274,-153.9432,-302.123,-58.5969,-14.9986,-7.8748,-9.4137,-9.3543,-5.381,-45.3931,-61.8628,16
7325.4507,-154.0581,-302.2967,-58.833,-15.0209,-7.9056,-9.4677,-9.403,-5.3743,-45.1869,-61.9383,16
7327.0331,-153.9861,-302.4416,-59.063,-15.0364,-7.9329,-9.286,-9.3759,-5.3396,-45.3227,-62.0048,16
7328.5875,-153.9646,-302.5965,-59.2744,-15.0471,-7.9931,-9.4092,-9.3651,-5.292,-45.3209,-62.1433,16
7330.1798,-153.9085,-302.9665,-59.5035,-15.0543,-8.0548,-9.6211,-9.399,-5.2581,-45.3173,-62.2107,16
7331.6727,-153.9241,-303.1082,-59.8815,-14.8589,-8.0666,-9.6823,-9.3661,-5.1961,-45.2929,-62.2861,16
7333.2741,-153.904,-302.9727,-59.9513,-15.0212,-8.056,-9.7048,-9.3922,-5.1751,-45.1879,-62.352,16
7334.7996,-153.8578,-302.9328,-60.075,-14.8855,-8.038,-9.6662,-9.3118,-5.133,-45.1457,-62.3699,16
7336.3181,-153.7861,-302.9242,-60.2073,-14.713,-7.8613,-9.819,-9.2478,-5.0926,-45.2474,-62.3683,16
7337.915,-153.776,-302.9556,-60.3514,-14.7363,-7.8153,-9.8164,-9.2353,-5.0585,-45.2622,-62.6008,16
7339.4704,-153.8458,-302.9615,-60.6876,-14.8001,-7.8225,-9.8001,-9.2467,-5.0342,-45.3533,-62.5624,16
7341.062,-153.6669,-302.9627,-60.8922,-14.9882,-7.8941,-9.6517,-9.2622,-5.0983,-45.203,-62.5522,16
7342.6358,-153.7542,-302.8825,-61.0293,-14.8194,-7.9697,-9.5666,-9.2324,-5.0245,-45.3458,-62.5404,16
7344.1506,-153.6871,-303.0234,-61.1628,-14.7864,-7.9512,-9.5573,-9.1881,-4.9933,-45.1978,-62.5001,16
7345.7482,-153.5119,-302.9324,-61.2105,-14.7993,-7.8975,-9.5417,-9.1833,-5.0188,-45.0498,-62.4896,16
7347.3206,-153.3141,-302.602,-61.2717,-14.7606,-7.6774,-9.5226,-9.193,-5.028,-44.9,-62.606,16
7348.933,-153.0666,-302.3276,-61.5357,-14.7788,-7.6345,-9.5011,-9.3641,-5.0278,-44.696,-62.5851,16
7350.5113,-152.842,-302.1031,-61.6819,-14.6093,-7.7008,-9.6021,-9.4013,-5.0219,-44.8125,-62.5493,16
7352.0134,-152.6151,-301.872,-61.768,-14.519,-7.8012,-9.4498,-9.3807,-5.0962,-44.7322,-62.4196,16
7353.5471,-152.3766,-301.795,-61.9745,-14.7049,-7.8468,-9.3892,-9.2918,-5.108,-44.7034,-62.3538,16
7355.1241,-152.1187,-301.3015,-61.8814,-14.9653,-7.8983,-9.3637,-9.2353,-5.0955,-44.5879,-62.3508,16
7356.6506,-151.8795,-300.9292,-61.9004,-14.8425,-7.8995,-9.2452,-9.1978,-5.1122,-44.494,-62.3628,16
7358.2765,-151.587,-300.5174,-61.9518,-14.7438,-7.8813,-9.2651,-9.0919,-5.0595,-44.4431,-62.4821,16
7359.8049,-151.3404,-300.0753,-61.9814,-14.6218,-8.0542,-9.4081,-9.0528,-4.8709,-44.3614,-62.3638,16
7361.406,-150.9228,-299.6177,-62.0717,-14.5628,-8.1064,-9.3352,-8.9994,-4.8213,-44.3019,-62.2825,16
7362.9013,-150.5234,-299.3147,-62.166,-14.527,-8.2232,-9.427,-8.9887,-4.8325,-44.2379,-62.2049,16
7364.5024,-150.119,-298.7559,-62.2452,-14.3799,-8.371,-9.3151,-8.9475,-4.9497,-44.1635,-62.0933,16
7366.0753,-149.7486,-298.1063,-62.2585,-14.3276,-8.1876,-9.3953,-8.9782,-4.839,-44.0341,-62.0045,16
7367.6301,-149.328,-297.3444,-62.3198,-14.1905,-8.0656,-9.5997,-9.0632,-4.8212,-43.8827,-61.9961,16
7369.1734,-148.8727,-296.7728,-62.2615,-14.203,-7.9379,-9.5022,-8.9506,-4.9542,-43.8039,-61.9972,16
7370.6721,-148.4685,-295.9741,-62.2833,-14.2152,-7.8785,-9.2587,-8.936,-4.97,-43.5813,-61.856,16
7372.264,-147.978,-295.1481,-62.2374,-14.1819,-8.0037,-9.2318,-8.8308,-4.9747,-43.5971,-61.6964,16
7373.8329,-147.6805,-294.2303,-62.1284,-14.2022,-7.8503,-9.2575,-8.7934,-4.966,-43.6255,-61.4881,16
7375.3902,-147.2776,-293.3451,-62.1169,-14.1102,-7.7729,-9.2195,-8.7349,-4.8786,-43.4327,-61.3129,16
7376.9321,-146.6018,-292.3137,-62.011,-14.0655,-7.7208,-9.2295,-8.6365,-4.8551,-43.2302,-61.1475,16
7378.5337,-145.8985,-291.4909,-61.9951,-14.1522,-7.6934,-9.1695,-8.57,-4.8165,-42.9456,-60.9822,16
7380.0786,-145.2311,-290.3179,-61.9516,-14.0676,-7.6681,-9.2127,-8.5603,-4.7807,-42.6557,-60.8087,16
7381.6384,-144.4598,-289.0506,-61.8912,-14.0019,-7.5994,-9.0783,-8.608,-4.5865,-42.5365,-60.625,16
7383.1605,-143.815,-287.8912,-62.0493,-14.0165,-7.5584,-9.0194,-8.6601,-4.5252,-42.2679,-60.4307,16
7384.6869,-143.1139,-286.7547,-62.0401,-13.8549,-7.5263,-8.9866,-8.6559,-4.5596,-41.8742,-60.2661,16
7386.2876,-142.4232,-285.546,-61.9492,-13.7625,-7.4568,-8.9313,-8.6222,-4.5881,-41.655,-60.0593,16
7387.8406,-141.7099,-284.3057,-61.7674,-13.9339,-7.4155,-8.9069,-8.5753,-4.6012,-41.3445,-59.8698,16
7389.4233,-140.9708,-282.9713,-61.5631,-13.9292,-7.3424,-8.9305,-8.5255,-4.4403,-41.1787,-59.6727,16
7865.8041,-167.8159,-318.071,-50.836,-18.0462,-9.7146,-8.8248,-9.9381,-5.9092,-45.6848,-62.5054,20
7867.4048,-168.0625,-319.2319,-51.3694,-17.7983,-9.7307,-8.9748,-9.9529,-5.9427,-45.9009,-62.6852,20
7869.035,-168.4621,-320.5134,-51.7944,-17.5317,-9.7487,-8.991,-9.9489,-5.9674,-46.0673,-62.8296,20
7870.6766,-168.7511,-321.3484,-52.1517,-17.4983,-9.8114,-9.1957,-9.9353,-5.9854,-46.3155,-62.9577,20
7872.2747,-168.9636,-322.0974,-52.457,-17.5303,-9.8423,-9.0301,-9.9242,-5.9588,-46.4406,-63.1333,20
7873.8794,-169.1744,-322.8931,-52.5776,-17.2636,-9.8193,-8.9653,-9.8776,-5.9208,-46.4324,-63.2791,20
7875.4383,-169.3039,-323.4012,-52.8526,-17.4037,-9.9816,-8.8184,-9.8668,-6.0052,-46.4617,-63.5324,20
7877.1179,-169.4154,-324.0088,-53.1784,-17.3884,-9.9888,-8.6037,-9.8316,-6.0426,-46.5137,-63.6031,20
7878.7272,-169.4497,-324.393,-53.5167,-17.6165,-9.9841,-8.6343,-9.8759,-6.0577,-46.5397,-63.7395,20
7880.3827,-169.3619,-324.6898,-53.8756,-17.7175,-9.9296,-8.5533,-9.901,-6.0969,-46.598,-63.8133,20
7881.9895,-169.1918,-324.7816,-54.2202,-17.5667,-9.916,-8.6504,-9.9173,-6.1012,-46.5859,-63.8819,20
7883.6297,-169.1692,-324.7935,-54.542,-17.6993,-9.882,-8.5859,-9.8851,-6.0933,-46.5601,-63.9543,20
7885.2323,-168.9149,-324.8556,-54.8396,-17.3597,-9.8905,-8.4811,-9.8822,-6.0807,-46.5396,-64.0793,20
7886.8514,-168.767,-324.9708,-55.0379,-17.5969,-9.8337,-8.5712,-9.8514,-6.1901,-46.5351,-64.1835,20
7888.4717,-168.7792,-325.2049,-55.2458,-17.5904,-9.8463,-8.8857,-9.938,-6.0864,-46.5049,-64.2828,20
7890.1379,-168.723,-325.275,-55.4605,-17.6415,-9.8424,-9.0732,-9.9321,-6.0827,-46.277,-64.4213,20
7891.7698,-168.8294,-325.6643,-55.6833,-17.7986,-9.8388,-9.1362,-9.8958,-6.0697,-46.2607,-64.4515,20
7893.374,-168.9924,-326.2898,-55.7481,-17.8624,-9.7948,-9.135,-9.8492,-6.1057,-46.3309,-64.5764,20
7895.0593,-169.3352,-327.1349,-55.9804,-18.0006,-9.7866,-9.1575,-9.8912,-5.9882,-46.4367,-64.8511,20
7896.699,-169.7398,-327.9719,-56.3103,-18.0182,-9.6747,-9.2697,-9.8399,-5.9945,-46.5741,-65.0783,20
7898.3114,-170.1177,-328.8822,-56.5443,-18.2745,-9.6273,-9.3181,-9.8436,-6.1222,-46.7031,-65.2642,20
7899.949,-170.354,-329.4409,-56.892,-18.252,-9.651,-9.4546,-9.8227,-6.2003,-46.7726,-65.4148,20
7901.5909,-170.5135,-329.8372,-57.2141,-18.2182,-9.7034,-9.4773,-9.8812,-6.2015,-46.812,-65.5069,20
7903.4089,-170.674,-330.2371,-57.433,-17.9739,-9.7167,-9.2587,-9.9161,-6.209,-46.8381,-65.8194,20
7905.1016,-171.187,-331.1173,-57.7655,-18.026,-9.9126,-9.1439,-9.9382,-6.2598,-47.061,-65.8566,20
7906.7384,-172.038,-332.5203,-58.1578,-17.976,-9.9835,-9.1701,-10.0283,-6.3205,-47.083,-66.0851,20
7908.2982,-172.9636,-334.1284,-58.5041,-18.1466,-10.1614,-9.2539,-9.9294,-6.4133,-47.3521,-66.3885,20
7909.9414,-173.8395,-335.8503,-58.9222,-18.3553,-10.0617,-9.3399,-9.8184,-6.46,-47.5798,-66.7365,20
7911.5461,-174.7482,-337.6299,-59.3656,-17.7901,-10.005,-9.4072,-9.8768,-6.4813,-47.8478,-67.1671,20
7913.1092,-175.9234,-339.5274,-59.6577,-17.9059,-10.008,-9.6555,-9.9953,-6.5276,-48.1959,-67.4062,20
7914.7107,-177.1686,-341.6628,-60.072,-18.1257,-10.0456,-9.6892,-10.1561,-6.5763,-48.5194,-67.8268,20
7916.3742,-178.315,-343.8384,-60.6491,-18.1034,-10.1277,-9.7603,-10.2578,-6.6177,-48.8599,-68.2504,20
7917.9583,-179.5851,-346.0497,-61.2252,-18.1621,-10.3707,-9.8239,-10.3192,-6.6873,-49.2263,-68.7444,20
7919.573,-180.7271,-348.2396,-61.7272,-18.5564,-10.4726,-9.8442,-10.4334,-6.5944,-49.6624,-69.2629,20
7921.1404,-181.6758,-350.2363,-62.3786,-18.8999,-10.4659,-9.8822,-10.5094,-6.5769,-49.9698,-69.8738,20
7922.8099,-182.5048,-352.1237,-62.6829,-19.0028,-10.4138,-9.9195,-10.5594,-6.6264,-50.4565,-70.3426,20
7924.6458,-183.3505,-353.6675,-63.0783,-19.1839,-10.4003,-9.9918,-10.5875,-6.6982,-50.5621,-70.7283,20
7926.2724,-183.7803,-355.2427,-63.3761,-19.3646,-10.3669,-10.2232,-10.6433,-6.7611,-50.6747,-71.0213,20
7927.8177,-184.3393,-356.4508,-63.7474,-19.4834,-10.373,-10.1538,-10.6596,-6.7262,-50.7569,-71.2828,20
7929.4598,-184.7559,-357.6551,-64.1797,-19.5118,-10.3903,-10.1445,-10.8179,-6.7795,-50.8668,-71.5761,20
7931.0176,-185.0945,-358.6856,-64.7878,-19.3792,-10.49,-10.1493,-10.8788,-6.7745,-50.9614,-71.7985,20
7932.6588,-185.4423,-359.565,-65.0567,-19.4489,-10.6014,-10.1712,-10.8549,-6.8317,-51.0296,-72.0416,20
7934.3183,-185.5615,-360.4243,-65.1747,-19.22,-10.5382,-10.3104,-10.7953,-6.8556,-51.1895,-72.2117,20
7935.9358,-185.6782,-360.9181,-65.4272,-19.4834,-10.4977,-10.2271,-10.7748,-6.8645,-51.2702,-72.3707,20
7937.5735,-185.787,-361.3756,-65.7585,-19.5079,-10.5903,-10.195,-10.693,-6.9015,-51.3022,-72.5374,20
7939.2307,-186.0569,-361.7899,-66.2449,-19.5332,-10.4828,-10.2191,-10.5608,-6.902,-51.2981,-72.6808,20
7940.8183,-186.1894,-362.1377,-66.5155,-19.4067,-10.3972,-10.2682,-10.5474,-6.9276,-51.2355,-72.9896,20
7942.4772,-186.1771,-362.4402,-66.7945,-19.613,-10.3655,-10.2732,-10.5797,-6.9541,-51.1532,-73.1434,20
7944.1158,-186.1502,-362.7084,-67.0763,-19.6603,-10.2067,-10.2966,-10.6232,-6.816,-50.8269,-73.1722,20
7945.6827,-186.1289,-362.9082,-67.374,-20.0034,-10.1842,-10.2798,-10.6554,-6.7968,-50.7355,-73.3767,20
7947.3438,-186.076,-363.1109,-67.6769,-20.1362,-10.2099,-10.2907,-10.714,-6.8207,-50.9714,-73.331,20
7948.9894,-186.1337,-363.3753,-68.06,-19.8138,-10.2534,-10.3058,-10.7293,-6.8614,-50.8855,-73.3987,20
7950.5982,-186.3725,-363.6683,-68.2565,-19.7178,-10.2475,-10.3188,-10.8432,-6.8528,-50.9921,-73.6767,20
7952.2427,-186.3074,-363.8835,-68.4791,-19.7605,-10.2604,-10.4445,-10.8492,-6.9035,-50.801,-73.6669,20
7953.8741,-185.9619,-363.9057,-68.7951,-19.8993,-10.2346,-10.3471,-10.8134,-7.0041,-50.6933,-73.6964,20
7955.4857,-185.6625,-363.6392,-69.0254,-19.55,-10.2379,-10.3016,-10.759,-7.0655,-50.5246,-73.5912,20
7957.1136,-185.4984,-363.2534,-69.2271,-19.3474,-10.2463,-10.3927,-10.7074,-7.0967,-50.5158,-73.5332,20
7958.7477,-184.994,-362.7463,-69.3014,-19.1782,-10.2131,-10.2852,-10.702,-7.1461,-50.4619,-73.5215,20
7960.3871,-184.4938,-361.974,-69.3609,-19.4622,-10.2047,-10.2761,-10.75,-7.1924,-50.3828,-73.3961,20
7962.0139,-184.1155,-361.2726,-69.4434,-19.0863,-10.242,-10.2531,-10.8047,-7.3874,-50.2384,-73.3083,20
7963.618,-183.581,-360.5061,-69.4425,-18.6025,-10.2872,-10.2343,-10.6861,-7.2796,-50.1533,-73.2252,20
7965.3107,-183.0335,-359.7962,-69.4466,-18.4071,-10.2417,-10.2102,-10.3965,-7.2362,-50.1603,-73.1406,20
7966.9376,-182.5179,-359.1942,-69.484,-18.5286,-10.1636,-10.2239,-10.4858,-7.2116,-50.1367,-73.0832,20
7968.5873,-182.1358,-358.7812,-69.6036,-18.6174,-10.0803,-10.4039,-10.4196,-7.2078,-49.9967,-73.0193,20
7970.2291,-181.8101,-358.2625,-69.6438,-18.735,-10.0068,-10.4099,-10.3896,-7.244,-49.7655,-72.9768,20
7971.8623,-181.3781,-357.698,-69.7164,-18.5803,-9.9437,-10.3849,-10.3534,-7.2836,-49.5112,-72.959,20
7973.5063,-180.9496,-357.1044,-69.7728,-18.863,-9.9282,-10.339,-10.4833,-7.2733,-49.4245,-72.9231,20
7975.1653,-180.6027,-356.4574,-70.0439,-19.0827,-9.8856,-10.2951,-10.6442,-7.2406,-49.3446,-72.9736,20
7976.7767,-180.3952,-355.8245,-70.091,-19.0027,-9.833,-10.2532,-10.5034,-7.2403,-49.3286,-72.8922,20
7978.416,-180.1553,-355.0583,-70.0729,-19.1518,-9.776,-10.2125,-10.4217,-7.2092,-49.3374,-72.822,20
7980.0745,-179.7787,-354.2806,-70.0844,-19.1881,-9.5604,-10.1721,-10.3655,-7.2079,-49.3597,-72.6857,20
7981.7202,-179.283,-353.4858,-70.2144,-19.2965,-9.5949,-10.1715,-10.3337,-7.2511,-49.1044,-72.5148,20
7983.2945,-178.7371,-352.6334,-70.2655,-19.3049,-9.5057,-10.2982,-10.2638,-7.38,-48.8713,-72.3575,20
7985.0097,-178.0536,-351.7839,-70.1734,-19.1852,-9.7056,-10.1634,-10.0621,-7.3927,-48.6039,-72.2313,20
7986.6061,-177.4578,-350.8711,-70.0932,-19.1784,-9.7569,-10.1065,-9.9966,-7.3943,-48.4599,-72.0946,20
7988.283,-176.8101,-349.9555,-70.0064,-19.0404,-9.7441,-10.073,-9.9842,-7.1822,-48.3006,-71.8905,20
7989.9063,-176.2297,-348.8882,-69.908,-18.8256,-9.6872,-9.8978,-9.9905,-6.9271,-48.1214,-71.6871,20
7991.5534,-175.4942,-347.6753,-69.9489,-18.674,-9.6208,-9.8469,-10.0272,-6.8516,-47.9558,-71.3892,20
7993.1673,-174.6717,-346.4116,-69.6814,-18.518,-9.5537,-9.9595,-10.0582,-6.8171,-47.6592,-71.1785,20
7994.8506,-173.7911,-345.099,-69.5125,-18.411,-9.4878,-9.8716,-10.0326,-6.8792,-47.359,-70.9815,20
8471.1493,-309.6769,-492.3235,-107.3924,-46.1785,-19.4026,-19.5751,-15.272,-10.7085,-86.7136,-143.3185,22
8472.9642,-310.3881,-493.515,-108.1197,-46.2784,-19.3957,-19.8937,-15.4984,-10.7442,-86.9088,-143.9324,22
8474.7308,-311.1749,-494.6977,-108.8645,-46.4094,-19.3464,-19.828,-15.3516,-10.6573,-86.9518,-144.6412,22
8476.4711,-311.9227,-495.6798,-109.6886,-46.4847,-19.2481,-19.8775,-15.2813,-10.6323,-86.9403,-145.2437,22
8478.257,-312.5167,-496.5396,-110.4842,-46.4175,-19.2339,-19.9189,-15.2503,-10.6356,-86.9839,-145.8063,22
8480.0709,-313.055,-497.7214,-111.2532,-46.4758,-19.214,-19.9751,-15.2575,-10.6976,-87.3094,-146.3515,22
8481.8454,-313.425,-498.9,-111.9974,-46.5388,-19.2377,-20.027,-15.4736,-10.6517,-87.6681,-146.8593,22
8483.6247,-313.9763,-500.0717,-112.7265,-46.4462,-19.2697,-20.1156,-15.5301,-10.657,-88.0007,-147.3642,22
8485.4564,-314.6386,-501.2522,-113.4852,-46.3923,-19.1806,-20.0093,-15.3608,-10.6412,-88.3992,-147.8772,22
8487.1914,-315.3729,-502.3786,-114.1641,-46.4872,-19.1801,-20.0563,-15.3287,-10.6692,-88.6172,-148.4015,22
8488.8811,-316.0547,-503.4717,-114.8957,-46.6737,-19.2508,-20.1951,-15.32,-10.6692,-88.8355,-148.8937,22
8490.5299,-316.6093,-504.338,-115.6366,-46.8664,-19.5412,-20.16,-15.172,-10.6638,-89.1129,-149.2619,22
8492.1907,-317.3086,-505.143,-116.334,-47.1886,-19.4189,-20.2261,-15.2708,-10.6988,-89.2726,-149.7714,22
8493.8958,-317.9092,-505.9501,-117.0088,-47.1866,-19.1636,-20.5198,-15.2032,-10.7475,-89.42,-150.2958,22
8495.5537,-318.299,-506.6664,-117.5131,-47.2318,-19.17,-20.4628,-15.4146,-10.6768,-89.632,-150.71,22
8497.1519,-318.7354,-507.1801,-117.9426,-47.2429,-19.1676,-20.6486,-15.5611,-10.6956,-89.734,-151.1326,22
8498.4119,-319.1525,-507.8757,-118.5413,-47.2973,-19.2058,-20.4862,-15.6698,-10.7862,-89.7145,-151.5699,22
8499.5945,-319.6112,-508.6223,-119.2158,-47.4771,-19.2779,-20.4466,-15.5342,-10.8166,-89.8242,-152.106,22
8501.3461,-320.0306,-509.364,-119.715,-47.5163,-19.351,-20.4893,-15.2953,-10.8589,-89.9806,-152.5871,22
8502.9621,-320.3484,-510.0571,-120.324,-47.5382,-19.4493,-20.6557,-15.2183,-10.8982,-90.1056,-153.0452,22
8504.6324,-320.592,-510.4947,-121.0118,-47.5453,-19.5767,-20.7183,-15.2218,-10.9359,-90.2431,-153.4098,22
8506.3731,-320.8225,-510.999,-121.6844,-47.7127,-19.6511,-20.7342,-15.1374,-10.9685,-90.4908,-153.5157,22
8508.0174,-320.9826,-511.5495,-122.4142,-47.6308,-19.6901,-20.7697,-15.1066,-10.8362,-90.6283,-153.7407,22
8509.6775,-321.137,-512.0544,-123.1785,-47.5913,-19.7049,-20.8153,-15.0169,-10.8279,-90.6298,-154.0429,22
8511.395,-321.2233,-512.3454,-123.6466,-47.6042,-19.7072,-20.862,-15.0441,-10.8677,-90.7018,-154.361,22
8513.0496,-321.3882,-512.711,-124.2607,-47.6036,-19.7018,-20.9433,-15.1051,-10.9281,-90.7169,-154.6504,22
8514.7501,-321.3843,-513.1203,-124.6757,-47.6326,-19.691,-21.1466,-15.2097,-11.1421,-90.7973,-155.1007,22
8516.4069,-321.4278,-513.0745,-125.133,-47.6212,-19.676,-21.1237,-15.1862,-11.137,-90.7656,-155.315,22
8518.1036,-321.4967,-513.125,-125.6093,-47.8341,-19.6576,-21.3436,-15.2368,-11.1349,-90.9014,-155.5468,22
8519.7842,-321.6659,-513.1691,-126.0287,-47.687,-19.6363,-21.4117,-15.1416,-11.1681,-90.9113,-155.7528,22
8521.4164,-321.6903,-513.1866,-126.4398,-47.5897,-19.6123,-21.4264,-15.172,-11.2199,-90.9966,-155.9379,22
8523.0623,-321.7007,-513.1385,-126.8604,-47.5883,-19.6659,-21.4482,-15.1956,-11.2699,-91.1225,-156.0917,22
8524.7302,-321.6172,-513.0989,-127.2973,-47.7113,-19.4532,-21.597,-15.2564,-11.3899,-91.4028,-156.2154,22
8526.4635,-321.5117,-512.9661,-127.7452,-47.6876,-19.3727,-21.6103,-15.2713,-11.396,-91.5219,-156.2318,22
8528.161,-321.3206,-512.7899,-128.1975,-47.6809,-19.3825,-21.6118,-15.304,-11.3605,-91.352,-156.3277,22
8529.8706,-320.9925,-512.6621,-128.6085,-47.7863,-19.3892,-21.5226,-15.2921,-11.5524,-91.3661,-156.4747,22
8531.5383,-320.8418,-512.2833,-128.9661,-47.7113,-19.2999,-21.4611,-15.3034,-11.5606,-91.238,-156.7353,22
8533.2543,-320.5901,-511.8534,-129.232,-47.6097,-19.299,-21.3784,-15.4353,-11.5427,-91.1165,-156.9017,22
8534.9185,-320.3893,-511.5582,-129.5267,-47.5361,-19.3233,-21.384,-15.4263,-11.4666,-91.1897,-157.1129,22
8536.5969,-320.1445,-511.3272,-129.9668,-47.4391,-19.3489,-21.2976,-15.4013,-11.3904,-91.2299,-157.1655,22
8537.8935,-319.8357,-510.9042,-130.1302,-47.375,-19.4375,-21.3113,-15.3229,-11.3261,-91.1512,-157.1375,22
8539.6616,-319.2512,-510.4486,-130.3411,-47.3155,-19.4846,-21.5126,-15.2784,-11.3175,-90.9704,-157.0992,22
8541.3596,-318.5957,-509.8964,-130.5807,-47.252,-19.4197,-21.3912,-15.2069,-11.2894,-90.6393,-157.0441,22
8543.0392,-318.0683,-509.2,-130.8151,-47.218,-19.3915,-21.2849,-15.0124,-11.0973,-90.4455,-156.9652,22
8544.7001,-317.6826,-508.4654,-130.9735,-47.1812,-19.3723,-21.2284,-14.9562,-11.153,-90.5474,-156.8174,22
8546.3528,-317.2439,-507.7288,-131.1614,-47.0894,-19.4734,-21.1302,-14.9529,-11.2086,-90.6754,-156.5931,22
8548.0509,-316.7146,-506.9948,-131.2914,-46.9701,-19.3079,-21.266,-14.9675,-11.341,-90.7133,-156.4183,22
8549.823,-315.8483,-506.0478,-131.461,-46.8378,-19.0609,-21.3765,-14.8115,-11.2657,-90.6645,-156.0891,22
8551.5655,-314.9709,-504.9509,-131.6107,-46.6612,-18.9663,-21.3374,-14.7689,-11.206,-90.4747,-155.9931,22
8553.2438,-314.0741,-503.5788,-131.7638,-46.5134,-19.1019,-21.4335,-14.8446,-11.1951,-90.3082,-155.8633,22
8555.0238,-313.2415,-502.248,-131.8801,-46.4146,-19.0089,-21.3977,-14.6694,-11.1697,-90.217,-155.6151,22
8556.7415,-312.4297,-500.8901,-131.991,-46.325,-18.9478,-21.3595,-14.6164,-11.1782,-90.0486,-155.4144,22
8558.4697,-311.7338,-499.5189,-132.064,-46.1839,-18.7245,-21.2311,-14.6004,-11.1916,-89.7912,-155.2425,22
8559.7346,-310.758,-498.0746,-132.0922,-46.016,-18.6359,-21.3286,-14.5623,-11.2018,-89.6505,-155.0476,22
8561.4139,-309.9978,-496.5791,-132.1952,-45.755,-18.6326,-21.2426,-14.4248,-11.2037,-89.5671,-154.922,22
8563.1544,-308.8641,-494.9951,-132.1627,-45.5534,-18.5327,-21.219,-14.2207,-11.1576,-89.3481,-154.5652,22
8564.9125,-307.7744,-493.3529,-132.1375,-45.4539,-18.432,-21.361,-14.1352,-11.137,-88.9735,-154.1849,22
8566.6844,-306.6393,-491.8183,-132.0809,-45.2179,-18.5276,-21.1387,-14.1385,-11.1641,-88.7023,-153.8102,22
8568.3674,-305.4144,-489.9829,-131.7909,-45.013,-18.7472,-20.7665,-14.3237,-11.1609,-88.5376,-153.5813,22
8570.0699,-304.1898,-488.2133,-131.7015,-44.8118,-18.5588,-20.7402,-14.3266,-11.1406,-88.3413,-153.2309,22
8571.7556,-302.794,-486.3703,-131.5356,-44.6541,-18.3865,-20.6483,-14.2868,-11.1493,-87.8144,-152.5574,22
8573.5024,-301.1478,-484.3424,-131.2124,-44.4573,-18.304,-20.5411,-14.216,-11.1627,-87.3009,-151.9699,22
8575.1726,-299.7696,-482.0079,-131.0634,-44.2782,-18.1073,-20.496,-14.0598,-11.01,-86.8065,-151.4104,22
8576.9504,-298.2834,-479.4866,-130.9112,-44.052,-17.9595,-20.3523,-14.004,-10.9737,-86.4213,-150.8584,22
8578.6921,-296.8471,-477.0844,-130.6126,-43.8054,-17.9089,-20.3034,-14.059,-10.9381,-85.9012,-150.2015,22
8580.4534,-295.3169,-474.6455,-130.3194,-43.347,-17.6881,-20.3185,-13.9739,-10.9092,-85.4191,-149.6169,22
8582.1403,-293.6678,-472.022,-130.0915,-43.0841,-17.6591,-20.2241,-13.8716,-10.8742,-85.1053,-148.994,22
8583.8841,-291.8536,-469.2449,-129.9032,-42.8495,-17.4788,-20.1252,-13.7987,-10.8355,-84.669,-148.4999,22
8585.6338,-290.0025,-466.5467,-129.7275,-42.6269,-17.3007,-20.3015,-13.7787,-10.794,-84.2137,-148.0816,22
8587.4668,-288.0403,-463.793,-129.6669,-42.428,-17.201,-20.2974,-13.7644,-10.7503,-83.8118,-147.3496,22
8589.209,-286.1532,-460.9305,-129.4185,-42.1813,-17.0913,-20.2516,-13.6158,-10.7446,-83.2927,-146.6021,22
8590.9488,-284.2234,-458.0953,-129.1005,-41.9481,-16.9734,-20.2071,-13.4231,-10.9052,-82.7659,-145.7876,22
8592.7156,-282.2127,-455.0887,-128.6781,-41.5458,-16.885,-20.001,-13.2675,-10.8912,-82.2265,-144.9527,22
8594.5196,-280.3051,-452.0575,-128.2465,-41.2184,-16.7597,-19.9122,-13.0184,-10.8059,-81.6814,-144.0987,22
8596.3029,-278.3095,-449.2013,-127.8321,-40.9576,-16.5383,-19.7396,-12.879,-10.6914,-81.2467,-143.1095,22
8597.6984,-276.2867,-445.9634,-127.3206,-40.718,-16.4528,-19.5927,-12.7013,-10.5835,-80.5052,-142.2802,22
8599.3402,-274.2476,-442.7077,-126.7996,-40.4672,-16.3277,-19.5329,-12.4047,-10.528,-79.914,-141.4482,22
9076.0555,-233.1403,-386.1465,-70.2844,-34.0034,-14.141,-11.5646,-7.3846,-4.7034,-60.3679,-90.0592,23
9077.5424,-233.7723,-387.54,-70.947,-34.0412,-14.0988,-11.6393,-7.3824,-4.7569,-60.5897,-90.5862,23
9079.0243,-234.4182,-388.9627,-71.593,-33.9587,-14.1527,-11.7476,-7.4243,-4.7819,-60.8046,-91.2295,23
9080.5216,-235.1107,-390.1876,-72.2321,-33.9294,-14.0693,-11.8127,-7.4747,-4.8374,-61.0003,-91.6333,23
9082.022,-235.8608,-391.4093,-72.8714,-33.8998,-14.1555,-11.8556,-7.6838,-4.7778,-61.2622,-92.0146,23
9083.5736,-236.6561,-392.6874,-73.7116,-33.9293,-14.4494,-11.9295,-7.5975,-4.7722,-61.5695,-92.2933,23
9085.0702,-237.3618,-393.923,-74.392,-34.0215,-14.4618,-11.9316,-7.5411,-4.83,-61.8274,-92.5534,23
9086.5811,-238.0619,-395.1155,-74.9676,-34.1311,-14.6466,-11.9547,-7.4593,-4.8712,-62.165,-93.1359,23
9088.0657,-238.6659,-396.4262,-75.3846,-34.236,-14.658,-11.9867,-7.478,-4.8215,-62.4168,-93.7157,23
9089.6217,-239.201,-397.6968,-75.9058,-34.3281,-14.8222,-12.0267,-7.49,-4.8686,-62.7406,-94.2924,23
9091.1188,-239.7618,-398.8728,-76.4849,-34.3284,-14.8889,-12.0687,-7.5411,-4.8284,-63.0947,-94.8892,23
9092.6624,-240.301,-399.939,-77.0578,-34.3033,-14.9207,-12.0707,-7.5965,-4.8918,-63.1066,-95.2062,23
9094.1846,-240.8422,-400.9918,-77.6703,-34.3609,-14.8904,-12.1042,-7.5277,-4.9814,-63.1689,-95.6178,23
9095.6783,-241.3473,-401.867,-78.4148,-34.4903,-15.0098,-12.27,-7.5458,-5.1548,-63.2961,-96.1606,23
9097.2508,-241.8494,-402.9706,-79.1457,-34.6328,-15.0482,-12.5049,-7.6339,-5.2897,-63.4206,-96.6003,23
9098.7491,-242.2774,-403.8049,-79.5688,-34.7601,-15.0564,-12.3717,-7.7809,-5.3119,-63.5385,-97.0101,23
9100.2775,-242.7774,-404.6385,-80.0222,-34.8251,-15.2478,-12.3672,-7.8431,-5.3298,-63.7297,-97.4995,23
9101.8752,-243.3467,-405.7454,-80.5087,-35.0629,-15.0812,-12.4123,-7.8635,-5.3884,-63.9346,-97.7058,23
9103.396,-243.8546,-406.881,-80.9164,-35.0111,-15.1758,-12.5711,-7.8647,-5.3805,-64.0885,-98.0579,23
9104.9385,-244.3346,-407.7354,-81.4002,-35.111,-15.0623,-12.4636,-7.8641,-5.4328,-64.2515,-98.5606,23
9106.4404,-245.0013,-408.465,-81.9241,-35.1661,-14.8312,-12.4409,-8.0256,-5.4998,-64.606,-99.1285,23
9107.4987,-245.306,-409.4747,-82.434,-35.2147,-14.8233,-12.4134,-7.9014,-5.4881,-64.5492,-99.3781,23
9109.0732,-245.6642,-410.1145,-82.9436,-35.3698,-14.869,-12.4867,-7.9755,-5.4902,-64.686,-99.662,23
9110.1582,-246.0443,-410.9167,-83.4187,-35.3046,-14.9741,-12.545,-7.8627,-5.4996,-64.794,-100.1447,23
9111.7272,-246.3754,-411.6643,-83.9741,-35.3349,-15.1545,-12.8343,-7.8355,-5.5569,-64.8259,-100.3494,23
9113.3316,-246.6966,-412.476,-84.4359,-35.473,-15.2131,-12.9614,-7.7143,-5.5845,-64.8264,-100.61,23
9114.9171,-246.9831,-413.2728,-84.957,-35.5615,-15.2174,-13.0558,-7.7085,-5.8395,-64.8676,-100.91,23
9116.5151,-247.3132,-413.9946,-85.2564,-35.6155,-15.358,-12.9569,-7.7821,-5.6964,-65.0909,-101.1397,23
9118.0661,-247.6228,-414.8219,-85.6757,-35.6459,-15.291,-13.0162,-7.8778,-5.6372,-65.3945,-101.452,23
9119.6486,-247.8902,-415.4404,-86.1899,-35.6677,-15.0817,-12.9279,-7.9216,-5.6492,-65.485,-101.7287,23
9121.24,-248.1477,-416.0481,-86.7071,-35.6855,-15.1675,-12.9329,-7.9367,-5.6664,-65.4435,-102.1777,23
9122.8119,-248.3286,-416.5035,-87.3364,-35.7007,-15.1156,-12.9669,-7.9385,-5.6802,-65.5243,-102.3568,23
9124.3986,-248.6984,-416.9096,-87.7794,-35.6732,-15.1483,-12.9375,-7.9773,-5.6494,-65.6914,-102.7942,23
9126.0114,-248.8376,-417.3758,-88.3621,-35.7152,-15.1913,-12.9296,-8.2237,-5.6506,-65.8324,-102.9072,23
9127.5419,-249.0718,-417.9329,-88.5316,-35.7352,-15.358,-12.9733,-8.0652,-5.6655,-66.0185,-103.1973,23
9129.0774,-249.2467,-418.4469,-88.8078,-35.7452,-15.2977,-12.8754,-7.9839,-5.687,-66.0704,-103.429,23
9130.6289,-249.3328,-418.8652,-89.1033,-35.7853,-15.243,-12.9044,-7.9727,-5.9078,-66.1489,-103.6739,23
9132.1791,-249.4334,-419.1763,-89.409,-35.789,-15.2314,-12.9751,-8.0868,-6.0064,-66.1821,-103.8495,23
9133.7539,-249.5068,-419.4723,-89.7736,-36.0169,-15.2857,-13.0594,-7.9816,-6.0067,-66.1589,-103.9071,23
9135.3156,-249.58,-419.5834,-89.9291,-35.8842,-15.1116,-13.0116,-7.9296,-5.8834,-66.1953,-104.0431,23
9136.5028,-249.853,-419.7908,-90.2123,-35.8407,-15.038,-13.0045,-7.9384,-5.8626,-66.2063,-104.357,23
9138.1703,-249.8838,-419.9286,-90.439,-35.8608,-15.0469,-13.055,-8.0566,-5.847,-66.0848,-104.4168,23
9139.8065,-249.9461,-419.8692,-90.7232,-35.9526,-15.0918,-13.166,-8.07,-5.9618,-66.0467,-104.5363,23
9141.3925,-249.6785,-419.9362,-91.0384,-35.9642,-15.1737,-13.24,-8.0782,-6.0211,-66.0793,-104.7326,23
9143.0496,-249.58,-420.0662,-91.3779,-35.9352,-15.2083,-13.2876,-8.076,-6.0122,-66.0506,-104.8581,23
9144.5985,-249.3837,-420.1832,-91.7283,-35.8861,-15.2151,-13.5164,-8.0324,-5.9752,-66.1506,-104.9723,23
9146.1738,-249.2613,-420.1971,-92.082,-35.673,-15.1642,-13.5762,-7.9773,-5.9372,-66.1871,-105.0158,23
9147.5964,-249.0339,-420.0464,-92.394,-35.5872,-15.0973,-13.5666,-7.9233,-5.948,-66.2258,-105.144,23
9149.0683,-248.782,-419.769,-92.6531,-35.5115,-15.0706,-13.5244,-7.8764,-5.9756,-66.2386,-105.2329,23
9150.5117,-248.5643,-419.4321,-93.1019,-35.6085,-14.9388,-13.6846,-7.876,-5.9648,-66.2672,-105.2846,23
9152.0015,-248.2785,-419.1818,-93.3572,-35.5345,-14.9445,-13.7339,-7.9279,-5.8597,-66.2788,-105.2958,23
9153.4849,-247.9681,-418.5646,-93.6304,-35.5185,-14.8701,-13.8149,-7.9054,-5.7765,-66.3038,-105.1554,23
9154.9512,-247.5236,-418.1029,-93.7411,-35.4647,-14.8969,-13.8035,-7.8926,-5.9159,-66.1476,-105.1243,23
9156.442,-246.9255,-417.7424,-93.8267,-35.3595,-14.9016,-13.5245,-7.8774,-5.8366,-66.0888,-105.1161,23
9157.9178,-246.3821,-417.1777,-93.9275,-35.3136,-14.9736,-13.3097,-7.8614,-5.8093,-65.9687,-105.1786,23
9159.3969,-245.9179,-416.5345,-94.0221,-35.2811,-14.9649,-13.2334,-7.8405,-5.7937,-65.8675,-105.1823,23
9160.8465,-245.4429,-415.8221,-94.0953,-35.2033,-14.9604,-13.2288,-7.8543,-5.9546,-65.7557,-105.1318,23
9162.3228,-245.0296,-415.0176,-94.1411,-35.1397,-14.9451,-13.3642,-7.7913,-5.9488,-65.7506,-105.0317,23
9163.7967,-244.5266,-414.1476,-94.201,-35.0311,-14.9215,-13.2792,-7.5435,-5.8413,-65.6716,-104.894,23
9165.2609,-243.9703,-413.2994,-94.2453,-34.9446,-14.7273,-13.2426,-7.4591,-5.7043,-65.5447,-104.7249,23
9166.718,-243.3302,-412.3701,-94.3036,-35.0168,-14.7716,-13.2586,-7.4823,-5.7045,-65.5392,-104.4883,23
9168.229,-242.568,-411.1214,-94.2996,-34.9532,-14.763,-13.2964,-7.5005,-5.7557,-65.3032,-104.2583,23
9169.7312,-241.7994,-409.9815,-94.2946,-34.8251,-14.7325,-13.2874,-7.6169,-5.8553,-65.0229,-104.057,23
9171.1932,-240.9006,-408.7589,-94.1467,-34.581,-14.5145,-13.2542,-7.6164,-6.0674,-64.7621,-103.7662,23
9172.7207,-239.9621,-407.3958,-94.1085,-34.3538,-14.4135,-13.2506,-7.565,-5.9214,-64.5159,-103.5107,23
9174.2356,-239.0493,-406.0994,-94.1674,-34.3832,-14.358,-13.2134,-7.3679,-5.8644,-64.2685,-103.2453,23
9175.7079,-238.1003,-404.451,-94.2276,-34.2358,-14.3216,-13.2035,-7.2641,-5.8391,-64.0096,-102.9977,23
9177.2507,-237.0459,-402.6251,-93.9995,-34.057,-14.1569,-13.1155,-7.2008,-5.8019,-63.6566,-102.7248,23
9178.7563,-235.9874,-400.8489,-94.0232,-33.8522,-14.1952,-13.0468,-7.1568,-5.8366,-63.4728,-102.494,23
9180.2284,-234.8769,-398.9632,-93.9343,-33.6473,-14.0841,-13.066,-7.1502,-5.9259,-63.0842,-102.198,23
9181.7716,-233.7004,-397.1061,-93.8299,-33.6419,-14.0461,-13.0682,-7.1043,-5.8174,-62.7105,-101.8068,23
9183.2939,-232.4904,-395.2191,-93.6379,-33.3546,-13.7733,-12.9733,-7.0385,-5.7669,-62.4536,-101.3578,23
9184.7625,-231.1787,-393.3618,-93.4426,-33.1756,-13.6492,-12.8844,-6.9608,-5.6977,-62.1876,-100.8752,23
9186.2344,-229.9899,-391.4906,-93.1468,-33.1375,-13.3762,-12.8026,-6.8792,-5.6369,-61.8955,-100.4509,23
9187.7793,-228.6558,-389.4214,-92.9715,-32.9313,-13.3254,-12.8899,-6.9558,-5.6599,-61.5686,-99.9834,23
9189.2519,-227.339,-387.2236,-92.8505,-32.6519,-13.2559,-12.8919,-6.9028,-5.6647,-61.2139,-99.5188,23
9190.8095,-225.7169,-384.8119,-92.6736,-32.3831,-13.2587,-12.8509,-6.7569,-5.6564,-60.9163,-99.0261,23
9192.3149,-224.1683,-382.4255,-92.5965,-32.1277,-13.2165,-12.781,-6.6181,-5.5947,-60.6553,-98.5401,23
9193.8035,-222.6021,-379.9307,-92.34,-31.7577,-13.1854,-12.7036,-6.5347,-5.5584,-60.2955,-97.9865,23
9195.2936,-220.9569,-377.3693,-92.0745,-31.6806,-13.1385,-12.6244,-6.4324,-5.531,-59.7983,-97.5074,23
9196.8445,-219.2386,-374.8648,-91.7316,-31.3562,-13.033,-12.5444,-6.3224,-5.5066,-59.171,-96.8575,23
9198.334,-217.4198,-372.1686,-91.3899,-31.1547,-13.0196,-12.5036,-6.2084,-5.5188,-58.7615,-96.2163,23
9199.9009,-215.6238,-369.2089,-91.0263,-30.769,-12.8186,-12.4694,-5.9757,-5.4949,-58.3798,-95.5971,23
9201.4473,-213.8844,-366.2654,-90.6772,-30.4636,-12.6411,-12.3488,-5.8408,-5.4543,-57.8715,-94.9704,23
9202.9738,-211.8804,-363.2385,-90.2274,-30.3412,-12.4717,-12.28,-5.7854,-5.4049,-57.2639,-94.2753,23
9204.497,-209.9676,-360.2188,-89.8504,-29.9835,-12.3568,-12.3457,-5.9157,-5.3543,-56.7912,-93.5778,23
9680.4497,-255.6011,-418.118,-79.9059,-39.1436,-15.0676,-13.7372,-11.4545,-7.2449,-69.4925,-112.9408,24
9681.9853,-256.246,-419.2338,-80.7097,-39.2574,-15.1338,-13.6962,-11.5997,-7.3333,-69.7194,-113.441,24
9683.5449,-256.9569,-420.5375,-81.4364,-39.3547,-15.2119,-13.7428,-11.5169,-7.4556,-70.06,-113.9946,24
9685.0602,-257.6995,-421.6821,-82.1306,-39.5222,-15.2854,-13.7393,-11.5264,-7.5363,-70.4549,-114.7474,24
9686.5893,-258.453,-422.9952,-82.8528,-39.6954,-15.3073,-13.7624,-11.6464,-7.6318,-70.626,-115.3462,24
9688.1685,-259.2442,-424.3348,-83.5458,-39.8145,-15.5508,-13.7949,-11.5207,-7.5994,-70.7493,-115.8901,24
9689.7177,-259.9962,-425.6204,-84.2304,-39.9418,-15.5192,-13.9149,-11.5244,-7.6117,-71.1774,-116.3759,24
9691.2465,-260.6463,-426.893,-84.9124,-40.0212,-15.5195,-13.9323,-11.6517,-7.6808,-71.4805,-116.8668,24
9692.8181,-261.2645,-428.1328,-85.5565,-40.0825,-15.3241,-14.0356,-11.818,-7.7687,-71.7143,-117.378,24
9694.3539,-261.9625,-429.4177,-86.1944,-39.9757,-15.3063,-14.1153,-11.6477,-7.9707,-71.7734,-117.8709,24
9695.9417,-262.6083,-430.5222,-86.7975,-40.1964,-15.3564,-14.1445,-11.6602,-8.0624,-71.9487,-118.2912,24
9697.4754,-263.0771,-431.6312,-87.4819,-40.3091,-15.4752,-14.2321,-11.5778,-8.0629,-72.0417,-118.5894,24
9699.0477,-263.5452,-432.8831,-87.9941,-40.3811,-15.4751,-14.2932,-11.4121,-7.9083,-72.238,-119.0079,24
9700.6371,-264.0802,-433.9515,-88.5909,-40.6194,-15.5131,-14.5826,-11.4353,-7.9309,-72.5741,-119.5759,24
9702.1791,-264.499,-434.815,-89.2249,-40.6531,-15.6793,-14.83,-11.4899,-7.9005,-72.8106,-120.0408,24
9703.7458,-265.0629,-435.6881,-89.8044,-40.6968,-15.5934,-14.7491,-11.5538,-8.1459,-73.1076,-120.5959,24
9705.3022,-265.7977,-436.8182,-90.4113,-40.5353,-15.5908,-14.7967,-11.4838,-8.3661,-73.4302,-121.214,24
9706.8554,-266.212,-437.6086,-90.9924,-40.502,-15.8148,-14.6895,-11.618,-8.2686,-73.7324,-121.4458,24
9708.4494,-266.6841,-438.5241,-91.5763,-40.5251,-15.9791,-14.6829,-11.7258,-8.2227,-73.7114,-121.7393,24
9709.9526,-267.0569,-439.3766,-92.1669,-40.6599,-15.8532,-14.7102,-11.8542,-8.2069,-73.7508,-122.1259,24
9711.4968,-267.43,-440.2524,-92.7263,-40.7727,-15.7942,-14.7571,-11.7205,-8.2217,-73.8205,-122.3019,24
9713.0474,-267.7366,-440.8698,-93.2431,-40.8228,-15.8941,-14.7635,-11.6765,-8.2437,-73.7582,-122.6081,24
9714.5959,-268.0884,-441.6129,-93.9186,-40.8423,-15.9699,-14.7969,-11.7116,-8.2661,-73.9073,-122.8646,24
9716.1213,-268.4713,-442.3509,-94.4805,-40.6527,-15.9818,-14.8382,-11.7419,-8.207,-74.0395,-123.2286,24
9717.6937,-268.8348,-442.9649,-94.9679,-40.6642,-15.9631,-14.8811,-11.8013,-8.1704,-74.203,-123.7603,24
9719.248,-269.3153,-443.4875,-95.436,-40.7499,-15.9396,-14.8797,-11.8186,-8.35,-74.3521,-124.1421,24
9720.8188,-269.4603,-443.9864,-95.6795,-40.9808,-15.9219,-14.8252,-11.8594,-8.2247,-74.4428,-124.4344,24
9722.3911,-269.6793,-444.4894,-96.0965,-41.0994,-16.0307,-14.8433,-11.9007,-8.2107,-74.5049,-124.6281,24
9723.9246,-270.0569,-444.9972,-96.7185,-41.1173,-15.9283,-14.8892,-11.8972,-8.1908,-74.754,-124.8687,24
9725.4621,-270.2559,-445.3399,-97.2529,-41.1706,-16.0067,-15.0626,-11.9564,-8.2289,-74.679,-125.1153,24
9727.0107,-270.3995,-445.7156,-97.7481,-41.1532,-15.9318,-15.133,-11.9479,-8.2775,-74.7451,-125.3505,24
9728.6047,-270.6534,-445.9033,-98.2254,-41.1562,-15.984,-15.1561,-12.0777,-8.4839,-74.7659,-125.5222,24
9730.1706,-270.7924,-446.1745,-98.6277,-41.0023,-15.9843,-15.0742,-12.0723,-8.5534,-75.0651,-125.782,24
9731.7419,-270.8221,-446.5564,-98.9807,-41.1379,-16.0127,-14.9738,-12.0211,-8.5634,-75.1305,-125.969,24
9733.2805,-270.9096,-446.9649,-99.3385,-41.1125,-16.0399,-14.7654,-11.9133,-8.5438,-75.0634,-126.1569,24
9734.8207,-270.833,-447.2648,-99.7214,-41.1177,-16.0239,-14.7567,-12.0071,-8.524,-75.1053,-126.5626,24
9736.3736,-270.8129,-447.336,-100.0099,-41.2753,-15.9923,-14.7427,-11.9982,-8.3499,-75.1481,-126.675,24
9737.9529,-270.7465,-447.3278,-100.3716,-41.1463,-16.0384,-14.975,-11.9539,-8.3093,-75.1856,-126.7907,24
9739.5282,-270.6909,-447.4235,-100.7329,-41.1278,-16.0652,-14.9299,-11.9322,-8.5239,-74.9636,-126.9231,24
9740.6189,-270.6086,-447.469,-101.0309,-41.298,-15.9993,-14.9534,-11.8849,-8.4038,-74.9171,-127.0966,24
9742.1938,-270.7305,-447.4412,-101.2029,-41.3157,-15.9444,-15.0259,-11.8745,-8.3765,-75.0133,-127.2155,24
9743.73,-270.5387,-447.2868,-101.4882,-41.3016,-15.9406,-15.2766,-11.6742,-8.3355,-74.9076,-127.2912,24
9745.2815,-270.4129,-447.3256,-101.7956,-41.2605,-15.9573,-15.3857,-11.5954,-8.3928,-74.8858,-127.372,24
9746.9514,-270.2622,-447.1127,-102.1693,-41.2145,-16.0944,-15.3017,-11.6074,-8.4704,-74.8384,-127.5559,24
9748.6417,-270.0368,-446.9205,-102.441,-40.964,-16.127,-15.2712,-11.6152,-8.4629,-74.9449,-127.6177,24
9750.2273,-269.8251,-446.6185,-102.6894,-40.8689,-16.0724,-15.2687,-11.6099,-8.4611,-74.9883,-127.6908,24
9751.7884,-269.5755,-446.3489,-102.9418,-40.8326,-16.025,-15.0817,-11.6321,-8.4598,-74.9847,-127.654,24
9753.3826,-269.2722,-446.0532,-103.1723,-40.8597,-16.0281,-14.9711,-11.6565,-8.4618,-75.0173,-127.609,24
9754.9818,-268.9466,-445.6701,-103.4088,-40.7633,-15.9672,-15.1009,-11.6326,-8.6622,-74.9583,-127.7435,24
9756.5891,-268.5697,-445.2543,-103.6166,-40.7005,-15.8868,-14.9816,-11.5875,-8.5003,-74.8532,-127.8191,24
9758.1594,-268.3329,-444.822,-103.7869,-40.6009,-15.8842,-14.8635,-11.4153,-8.312,-74.9595,-127.7515,24
9759.7536,-267.7543,-444.253,-103.8786,-40.612,-15.8274,-14.9088,-11.5802,-8.3327,-74.6606,-127.5614,24
9761.3968,-267.1093,-443.4713,-104.0485,-40.5603,-15.8347,-14.8132,-11.6335,-8.3604,-74.4353,-127.4438,24
9763.0276,-266.4514,-442.5908,-104.2181,-40.4758,-15.8533,-14.7555,-11.8366,-8.584,-74.3496,-127.3372,24
9764.6203,-265.8176,-441.7423,-104.3586,-40.3668,-15.7888,-14.7863,-11.5971,-8.4696,-74.4332,-127.1725,24
9766.2331,-265.196,-440.7985,-104.454,-40.2471,-15.7341,-14.8446,-11.3542,-8.5701,-74.3634,-126.7622,24
9767.8531,-264.491,-439.7915,-104.5071,-40.1605,-15.843,-14.8543,-11.4125,-8.6395,-74.2444,-126.5983,24
9769.4186,-263.7533,-438.6448,-104.564,-40.0357,-15.829,-14.6326,-11.2208,-8.7789,-74.039,-126.3777,24
9771.0094,-262.9991,-437.4672,-104.5981,-39.8916,-15.7632,-14.5937,-11.1591,-8.7859,-73.7996,-126.2453,24
9772.6127,-261.993,-436.448,-104.6405,-39.7351,-15.8722,-14.62,-11.2099,-8.7015,-73.502,-125.9318,24
9774.2578,-260.8799,-435.1404,-104.656,-39.5727,-15.6631,-14.6265,-11.0563,-8.6701,-73.1067,-125.5812,24
9775.8358,-259.8806,-433.6116,-104.6349,-39.5655,-15.5648,-14.7656,-10.9566,-8.4639,-72.731,-125.2399,24
9777.4547,-259.1398,-431.9392,-104.3748,-39.465,-15.4624,-14.7974,-10.9957,-8.3465,-72.3733,-124.8913,24
9779.1335,-258.0532,-430.4626,-104.1997,-39.3153,-15.4595,-14.9359,-10.997,-8.2719,-72.0701,-124.5197,24
9780.7123,-256.8409,-428.8549,-104.1699,-39.2114,-15.3955,-14.9523,-10.9293,-8.3081,-71.9779,-124.1173,24
9782.358,-255.7883,-427.1628,-104.1306,-38.9907,-15.3084,-14.8747,-10.8684,-8.089,-71.7579,-123.9239,24
9783.9918,-254.673,-425.2688,-104.1289,-38.7293,-15.2107,-14.9569,-10.7691,-7.9259,-71.4644,-123.309,24
9785.5685,-253.4847,-423.286,-104.0108,-38.6552,-15.1152,-14.7154,-10.7013,-7.8788,-71.1187,-122.7893,24
9787.1835,-252.2902,-421.3331,-103.9041,-38.4278,-15.0237,-14.5459,-10.761,-8.0872,-70.6304,-122.0802,24
9788.8157,-250.9593,-419.2398,-103.9662,-38.1839,-15.055,-14.2868,-10.5644,-7.9848,-70.1839,-121.5362,24
9790.4723,-249.4988,-416.9498,-103.8305,-37.9236,-15.0315,-14.1978,-10.4111,-7.8951,-69.6755,-121.0286,24
9791.9626,-247.9607,-414.7364,-103.5475,-37.7453,-14.9377,-14.1253,-10.2768,-8.0062,-69.2809,-120.6765,24
9793.492,-246.2551,-412.442,-103.2685,-37.4626,-14.8531,-13.9392,-10.2078,-7.8998,-68.8744,-120.078,24
9794.9523,-244.649,-409.6927,-102.982,-37.1842,-14.6928,-13.839,-10.115,-7.8827,-68.5362,-119.4903,24
9796.4668,-243.2931,-406.8815,-102.7187,-36.9833,-14.5983,-13.7693,-10.0515,-7.8425,-68.154,-118.8748,24
9797.986,-241.68,-404.2366,-102.3958,-36.6017,-14.4854,-13.7107,-10.1099,-7.7237,-67.6982,-118.3968,24
9799.5136,-240.0888,-401.7396,-102.072,-36.2487,-14.4112,-13.6437,-9.9077,-7.7824,-67.284,-117.7972,24
9801.033,-238.4034,-399.2496,-101.7243,-35.9508,-14.343,-13.4454,-9.9055,-7.808,-66.8292,-117.0412,24
9802.5135,-236.4148,-396.5351,-101.3889,-35.6804,-14.4319,-13.3331,-9.8723,-7.773,-66.35,-116.4109,24
9804.0317,-234.5549,-393.7002,-101.0312,-35.4118,-14.344,-13.4514,-9.788,-7.8641,-65.849,-115.5168,24
9805.5949,-232.8787,-390.5169,-100.6405,-35.1338,-14.1883,-13.3407,-9.7505,-7.739,-65.4132,-114.5387,24
9807.1084,-230.9816,-387.3986,-100.174,-35.0448,-14.0074,-13.4615,-9.6391,-7.7094,-64.7411,-113.6984,24
9808.6287,-229.0875,-384.2687,-99.8273,-34.5859,-13.876,-13.1759,-9.6631,-7.6626,-64.2803,-112.9105,24
7369.1734,-148.8727,-296.7728,-62.2615,-14.203,-7.9379,-9.5022,-8.9506,-4.9542,-43.8039,-61.9972,16
7370.6721,-148.4685,-295.9741,-62.2833,-14.2152,-7.8785,-9.2587,-8.936,-4.97,-43.5813,-61.856,16
7372.264,-147.978,-295.1481,-62.2374,-14.1819,-8.0037,-9.2318,-8.8308,-4.9747,-43.5971,-61.6964,16
7373.8329,-147.6805,-294.2303,-62.1284,-14.2022,-7.8503,-9.2575,-8.7934,-4.966,-43.6255,-61.4881,16
7375.3902,-147.2776,-293.3451,-62.1169,-14.1102,-7.7729,-9.2195,-8.7349,-4.8786,-43.4327,-61.3129,16
7376.9321,-146.6018,-292.3137,-62.011,-14.0655,-7.7208,-9.2295,-8.6365,-4.8551,-43.2302,-61.1475,16
7378.5337,-145.8985,-291.4909,-61.9951,-14.1522,-7.6934,-9.1695,-8.57,-4.8165,-42.9456,-60.9822,16
7380.0786,-145.2311,-290.3179,-61.9516,-14.0676,-7.6681,-9.2127,-8.5603,-4.7807,-42.6557,-60.8087,16
7381.6384,-144.4598,-289.0506,-61.8912,-14.0019,-7.5994,-9.0783,-8.608,-4.5865,-42.5365,-60.625,16
7383.1605,-143.815,-287.8912,-62.0493,-14.0165,-7.5584,-9.0194,-8.6601,-4.5252,-42.2679,-60.4307,16
7384.6869,-143.1139,-286.7547,-62.0401,-13.8549,-7.5263,-8.9866,-8.6559,-4.5596,-41.8742,-60.2661,16
7386.2876,-142.4232,-285.546,-61.9492,-13.7625,-7.4568,-8.9313,-8.6222,-4.5881,-41.655,-60.0593,16
7387.8406,-141.7099,-284.3057,-61.7674,-13.9339,-7.4155,-8.9069,-8.5753,-4.6012,-41.3445,-59.8698,16
7389.4233,-140.9708,-282.9713,-61.5631,-13.9292,-7.3424,-8.9305,-8.5255,-4.4403,-41.1787,-59.6727,16
7390.9651,-140.2413,-281.7718,-61.3979,-13.7656,-7.1827,-9.0427,-8.4753,-4.4007,-41.004,-59.4622,16
7392.5424,-139.6903,-280.4377,-61.3266,-13.6255,-7.1273,-8.961,-8.4251,-4.3287,-40.8594,-59.2739,16
7394.1227,-138.7065,-279.0494,-61.1501,-13.4319,-7.1109,-8.8935,-8.3345,-4.3414,-40.6611,-59.0367,16
7395.6381,-137.6137,-277.6264,-61.0096,-13.1229,-7.066,-8.9507,-8.2354,-4.3733,-40.4338,-58.8118,16
7397.2127,-136.6944,-275.9875,-60.8263,-12.8055,-7.0037,-8.7656,-8.2604,-4.4059,-40.2278,-58.6159,16
7398.7987,-135.8082,-274.4104,-60.6664,-12.5246,-6.974,-8.514,-8.199,-4.4267,-40.1403,-58.3325,16
7400.3549,-134.9595,-272.8976,-60.5411,-12.4934,-6.9526,-8.4251,-8.1478,-4.4356,-39.7854,-57.8492,16
7401.9566,-134.0884,-271.2423,-60.4113,-12.5832,-6.9281,-8.2933,-8.0933,-4.435,-39.5036,-57.4753,16
7403.4815,-133.1823,-269.5332,-60.2194,-12.4065,-6.6942,-8.2422,-8.0015,-4.4276,-39.0006,-57.1493,16
7405.0723,-132.2384,-267.7653,-59.9925,-12.3364,-6.6515,-8.3729,-7.9407,-4.3753,-38.7036,-56.8449,16
7406.5921,-131.2605,-265.9503,-59.8263,-12.2956,-6.7937,-8.2634,-7.891,-4.3513,-38.4354,-56.5336,16
7408.1887,-130.2932,-264.0892,-59.6268,-12.4289,-6.8187,-8.1136,-7.9253,-4.2975,-38.222,-56.2091,16
7409.773,-129.2284,-262.1848,-59.4826,-12.1809,-6.8569,-8.0364,-7.8529,-4.2793,-37.8433,-55.9113,16
7411.3341,-128.1603,-260.2797,-59.1311,-11.9774,-6.6344,-8.0408,-7.7433,-4.2712,-37.6548,-55.6098,16
7412.8903,-127.1991,-258.3447,-58.7946,-11.7179,-6.5084,-7.9063,-7.8237,-4.3853,-37.4319,-55.2532,16
7414.4526,-126.1307,-256.3293,-58.5048,-11.6808,-6.3839,-7.8907,-7.7546,-4.399,-37.1484,-54.749,16
7416.0171,-124.8485,-254.022,-58.1971,-11.5096,-6.2797,-7.8283,-7.6336,-4.3295,-36.7465,-54.208,16
7417.5915,-121.5016,-248.7508,-57.7989,-11.063,-5.8625,-7.7571,-7.2936,-4.1109,-35.7555,-53.3574,16
7419.1174,-116.523,-241.4266,-56.9767,-10.5221,-5.508,-7.559,-6.9262,-3.9135,-34.4604,-51.9922,16
7420.7214,-110.9326,-232.0326,-55.9609,-10.1839,-5.3406,-7.1801,-6.5192,-3.754,-32.9345,-50.3549,16
7422.3006,-105.2432,-222.2192,-54.8673,-9.6486,-5.0707,-6.988,-6.2025,-3.7954,-31.5037,-48.7496,16
7423.9226,-100.2747,-213.2827,-53.965,-9.1551,-4.7921,-6.7705,-5.9602,-3.6568,-30.1369,-47.0904,16
7425.4998,-95.8869,-205.2017,-53.0287,-8.7701,-4.4954,-6.578,-5.976,-3.4701,-28.6917,-45.624,16
7427.0568,-92.1244,-198.2083,-51.8983,-8.2406,-4.2347,-6.4075,-5.6294,-3.2826,-27.5968,-44.2764,16
7428.5971,-88.909,-191.9607,-50.8156,-7.7664,-3.8976,-6.1059,-5.3158,-3.2894,-26.6728,-43.0882,16
7865.8041,-167.8159,-318.071,-50.836,-18.0462,-9.7146,-8.8248,-9.9381,-5.9092,-45.6848,-62.5054,20
7867.4048,-168.0625,-319.2319,-51.3694,-17.7983,-9.7307,-8.9748,-9.9529,-5.9427,-45.9009,-62.6852,20
7869.035,-168.4621,-320.5134,-51.7944,-17.5317,-9.7487,-8.991,-9.9489,-5.9674,-46.0673,-62.8296,20
7870.6766,-168.7511,-321.3484,-52.1517,-17.4983,-9.8114,-9.1957,-9.9353,-5.9854,-46.3155,-62.9577,20
7872.2747,-168.9636,-322.0974,-52.457,-17.5303,-9.8423,-9.0301,-9.9242,-5.9588,-46.4406,-63.1333,20
7873.8794,-169.1744,-322.8931,-52.5776,-17.2636,-9.8193,-8.9653,-9.8776,-5.9208,-46.4324,-63.2791,20
7875.4383,-169.3039,-323.4012,-52.8526,-17.4037,-9.9816,-8.8184,-9.8668,-6.0052,-46.4617,-63.5324,20
7877.1179,-169.4154,-324.0088,-53.1784,-17.3884,-9.9888,-8.6037,-9.8316,-6.0426,-46.5137,-63.6031,20
7878.7272,-169.4497,-324.393,-53.5167,-17.6165,-9.9841,-8.6343,-9.8759,-6.0577,-46.5397,-63.7395,20
7880.3827,-169.3619,-324.6898,-53.8756,-17.7175,-9.9296,-8.5533,-9.901,-6.0969,-46.598,-63.8133,20
7881.9895,-169.1918,-324.7816,-54.2202,-17.5667,-9.916,-8.6504,-9.9173,-6.1012,-46.5859,-63.8819,20
7883.6297,-169.1692,-324.7935,-54.542,-17.6993,-9.882,-8.5859,-9.8851,-6.0933,-46.5601,-63.9543,20
7885.2323,-168.9149,-324.8556,-54.8396,-17.3597,-9.8905,-8.4811,-9.8822,-6.0807,-46.5396,-64.0793,20
7886.8514,-168.767,-324.9708,-55.0379,-17.5969,-9.8337,-8.5712,-9.8514,-6.1901,-46.5351,-64.1835,20
7888.4717,-168.7792,-325.2049,-55.2458,-17.5904,-9.8463,-8.8857,-9.938,-6.0864,-46.5049,-64.2828,20
7890.1379,-168.723,-325.275,-55.4605,-17.6415,-9.8424,-9.0732,-9.9321,-6.0827,-46.277,-64.4213,20
7891.7698,-168.8294,-325.6643,-55.6833,-17.7986,-9.8388,-9.1362,-9.8958,-6.0697,-46.2607,-64.4515,20
7893.374,-168.9924,-326.2898,-55.7481,-17.8624,-9.7948,-9.135,-9.8492,-6.1057,-46.3309,-64.5764,20
7895.0593,-169.3352,-327.1349,-55.9804,-18.0006,-9.7866,-9.1575,-9.8912,-5.9882,-46.4367,-64.8511,20
7896.699,-169.7398,-327.9719,-56.3103,-18.0182,-9.6747,-9.2697,-9.8399,-5.9945,-46.5741,-65.0783,20
7898.3114,-170.1177,-328.8822,-56.5443,-18.2745,-9.6273,-9.3181,-9.8436,-6.1222,-46.7031,-65.2642,20
7899.949,-170.354,-329.4409,-56.892,-18.252,-9.651,-9.4546,-9.8227,-6.2003,-46.7726,-65.4148,20
7901.5909,-170.5135,-329.8372,-57.2141,-18.2182,-9.7034,-9.4773,-9.8812,-6.2015,-46.812,-65.5069,20
7903.4089,-170.674,-330.2371,-57.433,-17.9739,-9.7167,-9.2587,-9.9161,-6.209,-46.8381,-65.8194,20
7905.1016,-171.187,-331.1173,-57.7655,-18.026,-9.9126,-9.1439,-9.9382,-6.2598,-47.061,-65.8566,20
7906.7384,-172.038,-332.5203,-58.1578,-17.976,-9.9835,-9.1701,-10.0283,-6.3205,-47.083,-66.0851,20
7908.2982,-172.9636,-334.1284,-58.5041,-18.1466,-10.1614,-9.2539,-9.9294,-6.4133,-47.3521,-66.3885,20
7909.9414,-173.8395,-335.8503,-58.9222,-18.3553,-10.0617,-9.3399,-9.8184,-6.46,-47.5798,-66.7365,20
7911.5461,-174.7482,-337.6299,-59.3656,-17.7901,-10.005,-9.4072,-9.8768,-6.4813,-47.8478,-67.1671,20
7913.1092,-175.9234,-339.5274,-59.6577,-17.9059,-10.008,-9.6555,-9.9953,-6.5276,-48.1959,-67.4062,20
7914.7107,-177.1686,-341.6628,-60.072,-18.1257,-10.0456,-9.6892,-10.1561,-6.5763,-48.5194,-67.8268,20
7916.3742,-178.315,-343.8384,-60.6491,-18.1034,-10.1277,-9.7603,-10.2578,-6.6177,-48.8599,-68.2504,20
7917.9583,-179.5851,-346.0497,-61.2252,-18.1621,-10.3707,-9.8239,-10.3192,-6.6873,-49.2263,-68.7444,20
7919.573,-180.7271,-348.2396,-61.7272,-18.5564,-10.4726,-9.8442,-10.4334,-6.5944,-49.6624,-69.2629,20
7921.1404,-181.6758,-350.2363,-62.3786,-18.8999,-10.4659,-9.8822,-10.5094,-6.5769,-49.9698,-69.8738,20
7922.8099,-182.5048,-352.1237,-62.6829,-19.0028,-10.4138,-9.9195,-10.5594,-6.6264,-50.4565,-70.3426,20
7924.6458,-183.3505,-353.6675,-63.0783,-19.1839,-10.4003,-9.9918,-10.5875,-6.6982,-50.5621,-70.7283,20
7926.2724,-183.7803,-355.2427,-63.3761,-19.3646,-10.3669,-10.2232,-10.6433,-6.7611,-50.6747,-71.0213,20
7927.8177,-184.3393,-356.4508,-63.7474,-19.4834,-10.373,-10.1538,-10.6596,-6.7262,-50.7569,-71.2828,20
7929.4598,-184.7559,-357.6551,-64.1797,-19.5118,-10.3903,-10.1445,-10.8179,-6.7795,-50.8668,-71.5761,20
7931.0176,-185.0945,-358.6856,-64.7878,-19.3792,-10.49,-10.1493,-10.8788,-6.7745,-50.9614,-71.7985,20
7932.6588,-185.4423,-359.565,-65.0567,-19.4489,-10.6014,-10.1712,-10.8549,-6.8317,-51.0296,-72.0416,20
7934.3183,-185.5615,-360.4243,-65.1747,-19.22,-10.5382,-10.3104,-10.7953,-6.8556,-51.1895,-72.2117,20
7935.9358,-185.6782,-360.9181,-65.4272,-19.4834,-10.4977,-10.2271,-10.7748,-6.8645,-51.2702,-72.3707,20
7937.5735,-185.787,-361.3756,-65.7585,-19.5079,-10.5903,-10.195,-10.693,-6.9015,-51.3022,-72.5374,20
7939.2307,-186.0569,-361.7899,-66.2449,-19.5332,-10.4828,-10.2191,-10.5608,-6.902,-51.2981,-72.6808,20
7940.8183,-186.1894,-362.1377,-66.5155,-19.4067,-10.3972,-10.2682,-10.5474,-6.9276,-51.2355,-72.9896,20
7942.4772,-186.1771,-362.4402,-66.7945,-19.613,-10.3655,-10.2732,-10.5797,-6.9541,-51.1532,-73.1434,20
7944.1158,-186.1502,-362.7084,-67.0763,-19.6603,-10.2067,-10.2966,-10.6232,-6.816,-50.8269,-73.1722,20
7945.6827,-186.1289,-362.9082,-67.374,-20.0034,-10.1842,-10.2798,-10.6554,-6.7968,-50.7355,-73.3767,20
7947.3438,-186.076,-363.1109,-67.6769,-20.1362,-10.2099,-10.2907,-10.714,-6.8207,-50.9714,-73.331,20
7948.9894,-186.1337,-363.3753,-68.06,-19.8138,-10.2534,-10.3058,-10.7293,-6.8614,-50.8855,-73.3987,20
7950.5982,-186.3725,-363.6683,-68.2565,-19.7178,-10.2475,-10.3188,-10.8432,-6.8528,-50.9921,-73.6767,20
7952.2427,-186.3074,-363.8835,-68.4791,-19.7605,-10.2604,-10.4445,-10.8492,-6.9035,-50.801,-73.6669,20
7953.8741,-185.9619,-363.9057,-68.7951,-19.8993,-10.2346,-10.3471,-10.8134,-7.0041,-50.6933,-73.6964,20
7955.4857,-185.6625,-363.6392,-69.0254,-19.55,-10.2379,-10.3016,-10.759,-7.0655,-50.5246,-73.5912,20
7957.1136,-185.4984,-363.2534,-69.2271,-19.3474,-10.2463,-10.3927,-10.7074,-7.0967,-50.5158,-73.5332,20
7958.7477,-184.994,-362.7463,-69.3014,-19.1782,-10.2131,-10.2852,-10.702,-7.1461,-50.4619,-73.5215,20
7960.3871,-184.4938,-361.974,-69.3609,-19.4622,-10.2047,-10.2761,-10.75,-7.1924,-50.3828,-73.3961,20
7962.0139,-184.1155,-361.2726,-69.4434,-19.0863,-10.242,-10.2531,-10.8047,-7.3874,-50.2384,-73.3083,20
7963.618,-183.581,-360.5061,-69.4425,-18.6025,-10.2872,-10.2343,-10.6861,-7.2796,-50.1533,-73.2252,20
7965.3107,-183.0335,-359.7962,-69.4466,-18.4071,-10.2417,-10.2102,-10.3965,-7.2362,-50.1603,-73.1406,20
7966.9376,-182.5179,-359.1942,-69.484,-18.5286,-10.1636,-10.2239,-10.4858,-7.2116,-50.1367,-73.0832,20
7968.5873,-182.1358,-358.7812,-69.6036,-18.6174,-10.0803,-10.4039,-10.4196,-7.2078,-49.9967,-73.0193,20
7970.2291,-181.8101,-358.2625,-69.6438,-18.735,-10.0068,-10.4099,-10.3896,-7.244,-49.7655,-72.9768,20
7971.8623,-181.3781,-357.698,-69.7164,-18.5803,-9.9437,-10.3849,-10.3534,-7.2836,-49.5112,-72.959,20
7973.5063,-180.9496,-357.1044,-69.7728,-18.863,-9.9282,-10.339,-10.4833,-7.2733,-49.4245,-72.9231,20
7975.1653,-180.6027,-356.4574,-70.0439,-19.0827,-9.8856,-10.2951,-10.6442,-7.2406,-49.3446,-72.9736,20
7976.7767,-180.3952,-355.8245,-70.091,-19.0027,-9.833,-10.2532,-10.5034,-7.2403,-49.3286,-72.8922,20
7978.416,-180.1553,-355.0583,-70.0729,-19.1518,-9.776,-10.2125,-10.4217,-7.2092,-49.3374,-72.822,20
7980.0745,-179.7787,-354.2806,-70.0844,-19.1881,-9.5604,-10.1721,-10.3655,-7.2079,-49.3597,-72.6857,20
7981.7202,-179.283,-353.4858,-70.2144,-19.2965,-9.5949,-10.1715,-10.3337,-7.2511,-49.1044,-72.5148,20
7983.2945,-178.7371,-352.6334,-70.2655,-19.3049,-9.5057,-10.2982,-10.2638,-7.38,-48.8713,-72.3575,20
7985.0097,-178.0536,-351.7839,-70.1734,-19.1852,-9.7056,-10.1634,-10.0621,-7.3927,-48.6039,-72.2313,20
7986.6061,-177.4578,-350.8711,-70.0932,-19.1784,-9.7569,-10.1065,-9.9966,-7.3943,-48.4599,-72.0946,20
7988.283,-176.8101,-349.9555,-70.0064,-19.0404,-9.7441,-10.073,-9.9842,-7.1822,-48.3006,-71.8905,20
7989.9063,-176.2297,-348.8882,-69.908,-18.8256,-9.6872,-9.8978,-9.9905,-6.9271,-48.1214,-71.6871,20
7991.5534,-175.4942,-347.6753,-69.9489,-18.674,-9.6208,-9.8469,-10.0272,-6.8516,-47.9558,-71.3892,20
7993.1673,-174.6717,-346.4116,-69.6814,-18.518,-9.5537,-9.9595,-10.0582,-6.8171,-47.6592,-71.1785,20
7994.8506,-173.7911,-345.099,-69.5125,-18.411,-9.4878,-9.8716,-10.0326,-6.8792,-47.359,-70.9815,20
7996.4702,-172.8387,-343.2583,-69.3639,-18.1572,-9.3825,-9.8311,-9.9795,-6.9529,-47.0586,-70.6532,20
7998.0734,-171.8541,-341.23,-69.2639,-17.7933,-9.2692,-9.7978,-9.7553,-7.0528,-46.7656,-70.352,20
7999.7214,-170.8921,-339.3207,-69.1534,-17.9072,-9.2001,-9.7736,-9.6578,-7.0166,-46.5543,-70.0534,20
8001.3545,-169.9671,-337.6381,-69.1756,-17.4027,-9.1088,-9.8642,-9.6922,-7.0106,-46.3578,-69.7932,20
8002.9939,-169.1934,-336.0818,-69.0786,-17.302,-9.0529,-9.7316,-9.6864,-7.0489,-46.2288,-69.569,20
8004.6138,-168.3426,-334.5366,-68.8714,-17.4404,-8.965,-9.5702,-9.7707,-7.0568,-45.9708,-69.4145,20
8006.272,-167.5414,-333.0303,-68.8862,-17.4537,-8.9092,-9.489,-9.658,-7.0842,-45.9362,-69.088,20
8007.9191,-166.6591,-331.565,-68.7375,-17.4596,-8.8601,-9.4504,-9.5645,-7.0658,-45.7323,-68.6886,20
8009.5569,-165.7895,-330.0928,-68.5503,-17.5503,-8.7304,-9.4642,-9.4774,-7.0692,-45.4531,-68.3806,20
8011.2067,-164.915,-328.5899,-68.3585,-17.6034,-8.6583,-9.3206,-9.4446,-7.1126,-45.0068,-68.1389,20
8012.8218,-163.9939,-326.647,-68.1132,-17.2921,-8.6055,-9.2522,-9.2641,-7.199,-44.6854,-67.8974,20
8014.4845,-163.0522,-324.7447,-67.837,-16.9524,-8.559,-9.2494,-9.2079,-7.1195,-44.3687,-67.6641,20
8016.0984,-162.1415,-322.8859,-67.5803,-16.8365,-8.5061,-9.2678,-9.1922,-7.1048,-44.2162,-67.4017,20
8017.7274,-159.8358,-319.4401,-67.3597,-16.7744,-8.2855,-9.2365,-9.1497,-7.2672,-43.7258,-66.9433,20
8019.4088,-156.0021,-314.2477,-66.8534,-16.6399,-8.0663,-8.8989,-9.0072,-7.1888,-42.7769,-65.8583,20
8021.0652,-150.9534,-306.6491,-66.2277,-16.4287,-7.7894,-8.534,-8.5986,-7.0661,-41.4713,-64.5329,20
8022.6949,-145.504,-297.8283,-65.1601,-16.0011,-7.4902,-8.3291,-8.3101,-6.9723,-40.1258,-62.9519,20
8024.3548,-140.4167,-289.2111,-63.9392,-15.586,-7.177,-8.1782,-8.064,-6.8694,-38.8258,-61.4507,20
8026.0176,-135.8982,-281.1545,-62.8445,-15.1429,-7.0185,-7.9413,-7.9539,-6.8947,-37.7105,-59.9594,20
8027.6139,-131.8636,-273.9314,-62.052,-14.8689,-6.8094,-7.9342,-7.8935,-6.674,-36.5486,-58.5748,20
8029.2297,-128.4966,-267.5312,-61.1234,-14.5975,-6.6035,-7.8401,-7.6492,-6.5152,-35.5426,-57.3408,20
8030.8452,-125.79,-261.8508,-60.2704,-14.4315,-6.2119,-7.8045,-7.5619,-6.3123,-34.6545,-56.1335,20
8032.4246,-123.3177,-256.9239,-59.4699,-14.3022,-5.9661,-7.5745,-7.3327,-6.292,-33.8623,-55.1391,20
8034.0998,-121.0758,-252.3572,-58.7649,-13.9468,-5.8788,-7.3057,-7.1671,-6.2916,-33.212,-54.1875,20
8471.1493,-309.6769,-492.3235,-107.3924,-46.1785,-19.4026,-19.5751,-15.272,-10.7085,-86.7136,-143.3185,22
8472.9642,-310.3881,-493.515,-108.1197,-46.2784,-19.3957,-19.8937,-15.4984,-10.7442,-86.9088,-143.9324,22
8474.7308,-311.1749,-494.6977,-108.8645,-46.4094,-19.3464,-19.828,-15.3516,-10.6573,-86.9518,-144.6412,22
8476.4711,-311.9227,-495.6798,-109.6886,-46.4847,-19.2481,-19.8775,-15.2813,-10.6323,-86.9403,-145.2437,22
8478.257,-312.5167,-496.5396,-110.4842,-46.4175,-19.2339,-19.9189,-15.2503,-10.6356,-86.9839,-145.8063,22
8480.0709,-313.055,-497.7214,-111.2532,-46.4758,-19.214,-19.9751,-15.2575,-10.6976,-87.3094,-146.3515,22
8481.8454,-313.425,-498.9,-111.9974,-46.5388,-19.2377,-20.027,-15.4736,-10.6517,-87.6681,-146.8593,22
8483.6247,-313.9763,-500.0717,-112.7265,-46.4462,-19.2697,-20.1156,-15.5301,-10.657,-88.0007,-147.3642,22
8485.4564,-314.6386,-501.2522,-113.4852,-46.3923,-19.1806,-20.0093,-15.3608,-10.6412,-88.3992,-147.8772,22
8487.1914,-315.3729,-502.3786,-114.1641,-46.4872,-19.1801,-20.0563,-15.3287,-10.6692,-88.6172,-148.4015,22
8488.8811,-316.0547,-503.4717,-114.8957,-46.6737,-19.2508,-20.1951,-15.32,-10.6692,-88.8355,-148.8937,22
8490.5299,-316.6093,-504.338,-115.6366,-46.8664,-19.5412,-20.16,-15.172,-10.6638,-89.1129,-149.2619,22
8492.1907,-317.3086,-505.143,-116.334,-47.1886,-19.4189,-20.2261,-15.2708,-10.6988,-89.2726,-149.7714,22
8493.8958,-317.9092,-505.9501,-117.0088,-47.1866,-19.1636,-20.5198,-15.2032,-10.7475,-89.42,-150.2958,22
8495.5537,-318.299,-506.6664,-117.5131,-47.2318,-19.17,-20.4628,-15.4146,-10.6768,-89.632,-150.71,22
8497.1519,-318.7354,-507.1801,-117.9426,-47.2429,-19.1676,-20.6486,-15.5611,-10.6956,-89.734,-151.1326,22
8498.4119,-319.1525,-507.8757,-118.5413,-47.2973,-19.2058,-20.4862,-15.6698,-10.7862,-89.7145,-151.5699,22
8499.5945,-319.6112,-508.6223,-119.2158,-47.4771,-19.2779,-20.4466,-15.5342,-10.8166,-89.8242,-152.106,22
8501.3461,-320.0306,-509.364,-119.715,-47.5163,-19.351,-20.4893,-15.2953,-10.8589,-89.9806,-152.5871,22
8502.9621,-320.3484,-510.0571,-120.324,-47.5382,-19.4493,-20.6557,-15.2183,-10.8982,-90.1056,-153.0452,22
8504.6324,-320.592,-510.4947,-121.0118,-47.5453,-19.5767,-20.7183,-15.2218,-10.9359,-90.2431,-153.4098,22
8506.3731,-320.8225,-510.999,-121.6844,-47.7127,-19.6511,-20.7342,-15.1374,-10.9685,-90.4908,-153.5157,22
8508.0174,-320.9826,-511.5495,-122.4142,-47.6308,-19.6901,-20.7697,-15.1066,-10.8362,-90.6283,-153.7407,22
8509.6775,-321.137,-512.0544,-123.1785,-47.5913,-19.7049,-20.8153,-15.0169,-10.8279,-90.6298,-154.0429,22
8511.395,-321.2233,-512.3454,-123.6466,-47.6042,-19.7072,-20.862,-15.0441,-10.8677,-90.7018,-154.361,22
8513.0496,-321.3882,-512.711,-124.2607,-47.6036,-19.7018,-20.9433,-15.1051,-10.9281,-90.7169,-154.6504,22
8514.7501,-321.3843,-513.1203,-124.6757,-47.6326,-19.691,-21.1466,-15.2097,-11.1421,-90.7973,-155.1007,22
8516.4069,-321.4278,-513.0745,-125.133,-47.6212,-19.676,-21.1237,-15.1862,-11.137,-90.7656,-155.315,22
8518.1036,-321.4967,-513.125,-125.6093,-47.8341,-19.6576,-21.3436,-15.2368,-11.1349,-90.9014,-155.5468,22
8519.7842,-321.6659,-513.1691,-126.0287,-47.687,-19.6363,-21.4117,-15.1416,-11.1681,-90.9113,-155.7528,22
8521.4164,-321.6903,-513.1866,-126.4398,-47.5897,-19.6123,-21.4264,-15.172,-11.2199,-90.9966,-155.9379,22
8523.0623,-321.7007,-513.1385,-126.8604,-47.5883,-19.6659,-21.4482,-15.1956,-11.2699,-91.1225,-156.0917,22
8524.7302,-321.6172,-513.0989,-127.2973,-47.7113,-19.4532,-21.597,-15.2564,-11.3899,-91.4028,-156.2154,22
8526.4635,-321.5117,-512.9661,-127.7452,-47.6876,-19.3727,-21.6103,-15.2713,-11.396,-91.5219,-156.2318,22
8528.161,-321.3206,-512.7899,-128.1975,-47.6809,-19.3825,-21.6118,-15.304,-11.3605,-91.352,-156.3277,22
8529.8706,-320.9925,-512.6621,-128.6085,-47.7863,-19.3892,-21.5226,-15.2921,-11.5524,-91.3661,-156.4747,22
8531.5383,-320.8418,-512.2833,-128.9661,-47.7113,-19.2999,-21.4611,-15.3034,-11.5606,-91.238,-156.7353,22
8533.2543,-320.5901,-511.8534,-129.232,-47.6097,-19.299,-21.3784,-15.4353,-11.5427,-91.1165,-156.9017,22
8534.9185,-320.3893,-511.5582,-129.5267,-47.5361,-19.3233,-21.384,-15.4263,-11.4666,-91.1897,-157.1129,22
8536.5969,-320.1445,-511.3272,-129.9668,-47.4391,-19.3489,-21.2976,-15.4013,-11.3904,-91.2299,-157.1655,22
8537.8935,-319.8357,-510.9042,-130.1302,-47.375,-19.4375,-21.3113,-15.3229,-11.3261,-91.1512,-157.1375,22
8539.6616,-319.2512,-510.4486,-130.3411,-47.3155,-19.4846,-21.5126,-15.2784,-11.3175,-90.9704,-157.0992,22
8541.3596,-318.5957,-509.8964,-130.5807,-47.252,-19.4197,-21.3912,-15.2069,-11.2894,-90.6393,-157.0441,22
8543.0392,-318.0683,-509.2,-130.8151,-47.218,-19.3915,-21.2849,-15.0124,-11.0973,-90.4455,-156.9652,22
8544.7001,-317.6826,-508.4654,-130.9735,-47.1812,-19.3723,-21.2284,-14.9562,-11.153,-90.5474,-156.8174,22
8546.3528,-317.2439,-507.7288,-131.1614,-47.0894,-19.4734,-21.1302,-14.9529,-11.2086,-90.6754,-156.5931,22
8548.0509,-316.7146,-506.9948,-131.2914,-46.9701,-19.3079,-21.266,-14.9675,-11.341,-90.7133,-156.4183,22
8549.823,-315.8483,-506.0478,-131.461,-46.8378,-19.0609,-21.3765,-14.8115,-11.2657,-90.6645,-156.0891,22
8551.5655,-314.9709,-504.9509,-131.6107,-46.6612,-18.9663,-21.3374,-14.7689,-11.206,-90.4747,-155.9931,22
8553.2438,-314.0741,-503.5788,-131.7638,-46.5134,-19.1019,-21.4335,-14.8446,-11.1951,-90.3082,-155.8633,22
8555.0238,-313.2415,-502.248,-131.8801,-46.4146,-19.0089,-21.3977,-14.6694,-11.1697,-90.217,-155.6151,22
8556.7415,-312.4297,-500.8901,-131.991,-46.325,-18.9478,-21.3595,-14.6164,-11.1782,-90.0486,-155.4144,22
8558.4697,-311.7338,-499.5189,-132.064,-46.1839,-18.7245,-21.2311,-14.6004,-11.1916,-89.7912,-155.2425,22
8559.7346,-310.758,-498.0746,-132.0922,-46.016,-18.6359,-21.3286,-14.5623,-11.2018,-89.6505,-155.0476,22
8561.4139,-309.9978,-496.5791,-132.1952,-45.755,-18.6326,-21.2426,-14.4248,-11.2037,-89.5671,-154.922,22
8563.1544,-308.8641,-494.9951,-132.1627,-45.5534,-18.5327,-21.219,-14.2207,-11.1576,-89.3481,-154.5652,22
8564.9125,-307.7744,-493.3529,-132.1375,-45.4539,-18.432,-21.361,-14.1352,-11.137,-88.9735,-154.1849,22
8566.6844,-306.6393,-491.8183,-132.0809,-45.2179,-18.5276,-21.1387,-14.1385,-11.1641,-88.7023,-153.8102,22
8568.3674,-305.4144,-489.9829,-131.7909,-45.013,-18.7472,-20.7665,-14.3237,-11.1609,-88.5376,-153.5813,22
8570.0699,-304.1898,-488.2133,-131.7015,-44.8118,-18.5588,-20.7402,-14.3266,-11.1406,-88.3413,-153.2309,22
8571.7556,-302.794,-486.3703,-131.5356,-44.6541,-18.3865,-20.6483,-14.2868,-11.1493,-87.8144,-152.5574,22
8573.5024,-301.1478,-484.3424,-131.2124,-44.4573,-18.304,-20.5411,-14.216,-11.1627,-87.3009,-151.9699,22
8575.1726,-299.7696,-482.0079,-131.0634,-44.2782,-18.1073,-20.496,-14.0598,-11.01,-86.8065,-151.4104,22
8576.9504,-298.2834,-479.4866,-130.9112,-44.052,-17.9595,-20.3523,-14.004,-10.9737,-86.4213,-150.8584,22
8578.6921,-296.8471,-477.0844,-130.6126,-43.8054,-17.9089,-20.3034,-14.059,-10.9381,-85.9012,-150.2015,22
8580.4534,-295.3169,-474.6455,-130.3194,-43.347,-17.6881,-20.3185,-13.9739,-10.9092,-85.4191,-149.6169,22
8582.1403,-293.6678,-472.022,-130.0915,-43.0841,-17.6591,-20.2241,-13.8716,-10.8742,-85.1053,-148.994,22
8583.8841,-291.8536,-469.2449,-129.9032,-42.8495,-17.4788,-20.1252,-13.7987,-10.8355,-84.669,-148.4999,22
8585.6338,-290.0025,-466.5467,-129.7275,-42.6269,-17.3007,-20.3015,-13.7787,-10.794,-84.2137,-148.0816,22
8587.4668,-288.0403,-463.793,-129.6669,-42.428,-17.201,-20.2974,-13.7644,-10.7503,-83.8118,-147.3496,22
8589.209,-286.1532,-460.9305,-129.4185,-42.1813,-17.0913,-20.2516,-13.6158,-10.7446,-83.2927,-146.6021,22
8590.9488,-284.2234,-458.0953,-129.1005,-41.9481,-16.9734,-20.2071,-13.4231,-10.9052,-82.7659,-145.7876,22
8592.7156,-282.2127,-455.0887,-128.6781,-41.5458,-16.885,-20.001,-13.2675,-10.8912,-82.2265,-144.9527,22
8594.5196,-280.3051,-452.0575,-128.2465,-41.2184,-16.7597,-19.9122,-13.0184,-10.8059,-81.6814,-144.0987,22
8596.3029,-278.3095,-449.2013,-127.8321,-40.9576,-16.5383,-19.7396,-12.879,-10.6914,-81.2467,-143.1095,22
8597.6984,-276.2867,-445.9634,-127.3206,-40.718,-16.4528,-19.5927,-12.7013,-10.5835,-80.5052,-142.2802,22
8599.3402,-274.2476,-442.7077,-126.7996,-40.4672,-16.3277,-19.5329,-12.4047,-10.528,-79.914,-141.4482,22
8601.6617,-272.0024,-439.4691,-126.2986,-40.0357,-16.2689,-19.4984,-12.2892,-10.4511,-79.2463,-140.6379,22
8603.8703,-269.7469,-436.1556,-125.8275,-39.873,-16.1323,-19.3372,-12.3608,-10.3688,-78.6111,-139.7973,22
8605.6331,-267.4274,-432.6786,-125.2978,-39.6181,-16.0473,-19.2513,-12.3152,-10.2854,-77.9384,-138.9181,22
8607.4148,-265.1591,-429.1034,-124.7633,-39.3629,-15.9266,-19.1843,-12.0468,-10.2061,-77.3794,-138.0389,22
8609.1638,-262.9213,-425.5069,-124.3609,-39.2384,-15.7908,-19.0392,-11.8734,-10.1307,-76.804,-137.1728,22
8610.3932,-260.4605,-421.8765,-123.6404,-38.9284,-15.6033,-18.8632,-11.7882,-10.0583,-76.2096,-136.2001,22
8612.1937,-258.1922,-418.2431,-122.925,-38.5433,-15.4832,-18.8413,-11.7381,-10.1875,-75.67,-135.1706,22
8613.9771,-255.9124,-414.4887,-122.2814,-38.2474,-15.2617,-18.5798,-11.6829,-10.1577,-75.128,-134.1485,22
8615.8207,-253.678,-410.6257,-121.6215,-37.8607,-15.0957,-18.4124,-11.6109,-10.1042,-74.5621,-133.0393,22
8617.1787,-251.1587,-406.749,-121.0177,-37.6068,-15.0271,-18.4754,-11.4831,-9.9898,-74.0435,-132.1384,22
8618.9821,-247.5292,-402.1755,-120.2826,-36.937,-14.8239,-18.0001,-11.2152,-9.8681,-72.6323,-131.0342,22
8620.7793,-239.5046,-392.4057,-118.813,-35.4896,-14.216,-17.3389,-10.6796,-9.512,-70.5331,-128.5344,22
8622.5893,-227.9385,-376.923,-116.503,-33.6478,-13.4094,-16.6024,-9.955,-9.1589,-67.3652,-124.3372,22
8624.3286,-215.1026,-358.6456,-113.7758,-31.5985,-12.4011,-15.7995,-9.2239,-8.6921,-63.8872,-119.3042,22
8626.1054,-203.1753,-340.8844,-110.7175,-29.7393,-11.6745,-15.0456,-8.5196,-8.4587,-60.2915,-114.0546,22
8627.9048,-192.5594,-324.2942,-107.7759,-28.1258,-11.149,-14.5306,-7.9269,-8.215,-57.2476,-109.1392,22
8629.571,-183.3031,-309.3268,-104.9553,-26.6946,-10.6061,-13.9669,-7.4511,-7.9615,-54.7576,-104.5878,22
8631.1916,-175.2898,-296.1258,-102.1181,-25.5383,-10.1487,-13.4935,-7.1556,-7.8438,-52.4102,-100.6539,22
8632.8166,-168.2313,-284.3333,-99.6384,-24.5251,-9.8051,-13.0572,-6.7504,-7.5447,-50.446,-97.0306,22
8634.4646,-161.9045,-274.1722,-97.3539,-23.6268,-9.4972,-12.6465,-6.4284,-7.378,-48.9704,-93.8372,22
8635.6935,-156.6273,-265.1243,-95.3402,-22.8488,-9.264,-12.325,-6.1219,-7.0677,-47.5603,-90.9932,22
8637.4351,-151.6315,-256.7916,-93.441,-22.1386,-8.9862,-11.9836,-5.8974,-6.873,-46.1971,-88.1853,22
8639.0598,-147.1589,-249.2148,-91.5081,-21.5067,-8.8719,-11.6266,-5.7153,-6.733,-44.9397,-85.9652,22
9076.0555,-233.1403,-386.1465,-70.2844,-34.0034,-14.141,-11.5646,-7.3846,-4.7034,-60.3679,-90.0592,23
9077.5424,-233.7723,-387.54,-70.947,-34.0412,-14.0988,-11.6393,-7.3824,-4.7569,-60.5897,-90.5862,23
9079.0243,-234.4182,-388.9627,-71.593,-33.9587,-14.1527,-11.7476,-7.4243,-4.7819,-60.8046,-91.2295,23
9080.5216,-235.1107,-390.1876,-72.2321,-33.9294,-14.0693,-11.8127,-7.4747,-4.8374,-61.0003,-91.6333,23
9082.022,-235.8608,-391.4093,-72.8714,-33.8998,-14.1555,-11.8556,-7.6838,-4.7778,-61.2622,-92.0146,23
9083.5736,-236.6561,-392.6874,-73.7116,-33.9293,-14.4494,-11.9295,-7.5975,-4.7722,-61.5695,-92.2933,23
9085.0702,-237.3618,-393.923,-74.392,-34.0215,-14.4618,-11.9316,-7.5411,-4.83,-61.8274,-92.5534,23
9086.5811,-238.0619,-395.1155,-74.9676,-34.1311,-14.6466,-11.9547,-7.4593,-4.8712,-62.165,-93.1359,23
9088.0657,-238.6659,-396.4262,-75.3846,-34.236,-14.658,-11.9867,-7.478,-4.8215,-62.4168,-93.7157,23
9089.6217,-239.201,-397.6968,-75.9058,-34.3281,-14.8222,-12.0267,-7.49,-4.8686,-62.7406,-94.2924,23
9091.1188,-239.7618,-398.8728,-76.4849,-34.3284,-14.8889,-12.0687,-7.5411,-4.8284,-63.0947,-94.8892,23
9092.6624,-240.301,-399.939,-77.0578,-34.3033,-14.9207,-12.0707,-7.5965,-4.8918,-63.1066,-95.2062,23
9094.1846,-240.8422,-400.9918,-77.6703,-34.3609,-14.8904,-12.1042,-7.5277,-4.9814,-63.1689,-95.6178,23
9095.6783,-241.3473,-401.867,-78.4148,-34.4903,-15.0098,-12.27,-7.5458,-5.1548,-63.2961,-96.1606,23
9097.2508,-241.8494,-402.9706,-79.1457,-34.6328,-15.0482,-12.5049,-7.6339,-5.2897,-63.4206,-96.6003,23
9098.7491,-242.2774,-403.8049,-79.5688,-34.7601,-15.0564,-12.3717,-7.7809,-5.3119,-63.5385,-97.0101,23
9100.2775,-242.7774,-404.6385,-80.0222,-34.8251,-15.2478,-12.3672,-7.8431,-5.3298,-63.7297,-97.4995,23
9101.8752,-243.3467,-405.7454,-80.5087,-35.0629,-15.0812,-12.4123,-7.8635,-5.3884,-63.9346,-97.7058,23
9103.396,-243.8546,-406.881,-80.9164,-35.0111,-15.1758,-12.5711,-7.8647,-5.3805,-64.0885,-98.0579,23
9104.9385,-244.3346,-407.7354,-81.4002,-35.111,-15.0623,-12.4636,-7.8641,-5.4328,-64.2515,-98.5606,23
9106.4404,-245.0013,-408.465,-81.9241,-35.1661,-14.8312,-12.4409,-8.0256,-5.4998,-64.606,-99.1285,23
9107.4987,-245.306,-409.4747,-82.434,-35.2147,-14.8233,-12.4134,-7.9014,-5.4881,-64.5492,-99.3781,23
9109.0732,-245.6642,-410.1145,-82.9436,-35.3698,-14.869,-12.4867,-7.9755,-5.4902,-64.686,-99.662,23
9110.1582,-246.0443,-410.9167,-83.4187,-35.3046,-14.9741,-12.545,-7.8627,-5.4996,-64.794,-100.1447,23
9111.7272,-246.3754,-411.6643,-83.9741,-35.3349,-15.1545,-12.8343,-7.8355,-5.5569,-64.8259,-100.3494,23
9113.3316,-246.6966,-412.476,-84.4359,-35.473,-15.2131,-12.9614,-7.7143,-5.5845,-64.8264,-100.61,23
9114.9171,-246.9831,-413.2728,-84.957,-35.5615,-15.2174,-13.0558,-7.7085,-5.8395,-64.8676,-100.91,23
9116.5151,-247.3132,-413.9946,-85.2564,-35.6155,-15.358,-12.9569,-7.7821,-5.6964,-65.0909,-101.1397,23
9118.0661,-247.6228,-414.8219,-85.6757,-35.6459,-15.291,-13.0162,-7.8778,-5.6372,-65.3945,-101.452,23
9119.6486,-247.8902,-415.4404,-86.1899,-35.6677,-15.0817,-12.9279,-7.9216,-5.6492,-65.485,-101.7287,23
9121.24,-248.1477,-416.0481,-86.7071,-35.6855,-15.1675,-12.9329,-7.9367,-5.6664,-65.4435,-102.1777,23
9122.8119,-248.3286,-416.5035,-87.3364,-35.7007,-15.1156,-12.9669,-7.9385,-5.6802,-65.5243,-102.3568,23
9124.3986,-248.6984,-416.9096,-87.7794,-35.6732,-15.1483,-12.9375,-7.9773,-5.6494,-65.6914,-102.7942,23
9126.0114,-248.8376,-417.3758,-88.3621,-35.7152,-15.1913,-12.9296,-8.2237,-5.6506,-65.8324,-102.9072,23
9127.5419,-249.0718,-417.9329,-88.5316,-35.7352,-15.358,-12.9733,-8.0652,-5.6655,-66.0185,-103.1973,23
9129.0774,-249.2467,-418.4469,-88.8078,-35.7452,-15.2977,-12.8754,-7.9839,-5.687,-66.0704,-103.429,23
9130.6289,-249.3328,-418.8652,-89.1033,-35.7853,-15.243,-12.9044,-7.9727,-5.9078,-66.1489,-103.6739,23
9132.1791,-249.4334,-419.1763,-89.409,-35.789,-15.2314,-12.9751,-8.0868,-6.0064,-66.1821,-103.8495,23
9133.7539,-249.5068,-419.4723,-89.7736,-36.0169,-15.2857,-13.0594,-7.9816,-6.0067,-66.1589,-103.9071,23
9135.3156,-249.58,-419.5834,-89.9291,-35.8842,-15.1116,-13.0116,-7.9296,-5.8834,-66.1953,-104.0431,23
9136.5028,-249.853,-419.7908,-90.2123,-35.8407,-15.038,-13.0045,-7.9384,-5.8626,-66.2063,-104.357,23
9138.1703,-249.8838,-419.9286,-90.439,-35.8608,-15.0469,-13.055,-8.0566,-5.847,-66.0848,-104.4168,23
9139.8065,-249.9461,-419.8692,-90.7232,-35.9526,-15.0918,-13.166,-8.07,-5.9618,-66.0467,-104.5363,23
9141.3925,-249.6785,-419.9362,-91.0384,-35.9642,-15.1737,-13.24,-8.0782,-6.0211,-66.0793,-104.7326,23
9143.0496,-249.58,-420.0662,-91.3779,-35.9352,-15.2083,-13.2876,-8.076,-6.0122,-66.0506,-104.8581,23
9144.5985,-249.3837,-420.1832,-91.7283,-35.8861,-15.2151,-13.5164,-8.0324,-5.9752,-66.1506,-104.9723,23
9146.1738,-249.2613,-420.1971,-92.082,-35.673,-15.1642,-13.5762,-7.9773,-5.9372,-66.1871,-105.0158,23
9147.5964,-249.0339,-420.0464,-92.394,-35.5872,-15.0973,-13.5666,-7.9233,-5.948,-66.2258,-105.144,23
9149.0683,-248.782,-419.769,-92.6531,-35.5115,-15.0706,-13.5244,-7.8764,-5.9756,-66.2386,-105.2329,23
9150.5117,-248.5643,-419.4321,-93.1019,-35.6085,-14.9388,-13.6846,-7.876,-5.9648,-66.2672,-105.2846,23
9152.0015,-248.2785,-419.1818,-93.3572,-35.5345,-14.9445,-13.7339,-7.9279,-5.8597,-66.2788,-105.2958,23
9153.4849,-247.9681,-418.5646,-93.6304,-35.5185,-14.8701,-13.8149,-7.9054,-5.7765,-66.3038,-105.1554,23
9154.9512,-247.5236,-418.1029,-93.7411,-35.4647,-14.8969,-13.8035,-7.8926,-5.9159,-66.1476,-105.1243,23
9156.442,-246.9255,-417.7424,-93.8267,-35.3595,-14.9016,-13.5245,-7.8774,-5.8366,-66.0888,-105.1161,23
9157.9178,-246.3821,-417.1777,-93.9275,-35.3136,-14.9736,-13.3097,-7.8614,-5.8093,-65.9687,-105.1786,23
9159.3969,-245.9179,-416.5345,-94.0221,-35.2811,-14.9649,-13.2334,-7.8405,-5.7937,-65.8675,-105.1823,23
9160.8465,-245.4429,-415.8221,-94.0953,-35.2033,-14.9604,-13.2288,-7.8543,-5.9546,-65.7557,-105.1318,23
9162.3228,-245.0296,-415.0176,-94.1411,-35.1397,-14.9451,-13.3642,-7.7913,-5.9488,-65.7506,-105.0317,23
9163.7967,-244.5266,-414.1476,-94.201,-35.0311,-14.9215,-13.2792,-7.5435,-5.8413,-65.6716,-104.894,23
9165.2609,-243.9703,-413.2994,-94.2453,-34.9446,-14.7273,-13.2426,-7.4591,-5.7043,-65.5447,-104.7249,23
9166.718,-243.3302,-412.3701,-94.3036,-35.0168,-14.7716,-13.2586,-7.4823,-5.7045,-65.5392,-104.4883,23
9168.229,-242.568,-411.1214,-94.2996,-34.9532,-14.763,-13.2964,-7.5005,-5.7557,-65.3032,-104.2583,23
9169.7312,-241.7994,-409.9815,-94.2946,-34.8251,-14.7325,-13.2874,-7.6169,-5.8553,-65.0229,-104.057,23
9171.1932,-240.9006,-408.7589,-94.1467,-34.581,-14.5145,-13.2542,-7.6164,-6.0674,-64.7621,-103.7662,23
9172.7207,-239.9621,-407.3958,-94.1085,-34.3538,-14.4135,-13.2506,-7.565,-5.9214,-64.5159,-103.5107,23
9174.2356,-239.0493,-406.0994,-94.1674,-34.3832,-14.358,-13.2134,-7.3679,-5.8644,-64.2685,-103.2453,23
9175.7079,-238.1003,-404.451,-94.2276,-34.2358,-14.3216,-13.2035,-7.2641,-5.8391,-64.0096,-102.9977,23
9177.2507,-237.0459,-402.6251,-93.9995,-34.057,-14.1569,-13.1155,-7.2008,-5.8019,-63.6566,-102.7248,23
9178.7563,-235.9874,-400.8489,-94.0232,-33.8522,-14.1952,-13.0468,-7.1568,-5.8366,-63.4728,-102.494,23
9180.2284,-234.8769,-398.9632,-93.9343,-33.6473,-14.0841,-13.066,-7.1502,-5.9259,-63.0842,-102.198,23
9181.7716,-233.7004,-397.1061,-93.8299,-33.6419,-14.0461,-13.0682,-7.1043,-5.8174,-62.7105,-101.8068,23
9183.2939,-232.4904,-395.2191,-93.6379,-33.3546,-13.7733,-12.9733,-7.0385,-5.7669,-62.4536,-101.3578,23
9184.7625,-231.1787,-393.3618,-93.4426,-33.1756,-13.6492,-12.8844,-6.9608,-5.6977,-62.1876,-100.8752,23
9186.2344,-229.9899,-391.4906,-93.1468,-33.1375,-13.3762,-12.8026,-6.8792,-5.6369,-61.8955,-100.4509,23
9187.7793,-228.6558,-389.4214,-92.9715,-32.9313,-13.3254,-12.8899,-6.9558,-5.6599,-61.5686,-99.9834,23
9189.2519,-227.339,-387.2236,-92.8505,-32.6519,-13.2559,-12.8919,-6.9028,-5.6647,-61.2139,-99.5188,23
9190.8095,-225.7169,-384.8119,-92.6736,-32.3831,-13.2587,-12.8509,-6.7569,-5.6564,-60.9163,-99.0261,23
9192.3149,-224.1683,-382.4255,-92.5965,-32.1277,-13.2165,-12.781,-6.6181,-5.5947,-60.6553,-98.5401,23
9193.8035,-222.6021,-379.9307,-92.34,-31.7577,-13.1854,-12.7036,-6.5347,-5.5584,-60.2955,-97.9865,23
9195.2936,-220.9569,-377.3693,-92.0745,-31.6806,-13.1385,-12.6244,-6.4324,-5.531,-59.7983,-97.5074,23
9196.8445,-219.2386,-374.8648,-91.7316,-31.3562,-13.033,-12.5444,-6.3224,-5.5066,-59.171,-96.8575,23
9198.334,-217.4198,-372.1686,-91.3899,-31.1547,-13.0196,-12.5036,-6.2084,-5.5188,-58.7615,-96.2163,23
9199.9009,-215.6238,-369.2089,-91.0263,-30.769,-12.8186,-12.4694,-5.9757,-5.4949,-58.3798,-95.5971,23
9201.4473,-213.8844,-366.2654,-90.6772,-30.4636,-12.6411,-12.3488,-5.8408,-5.4543,-57.8715,-94.9704,23
9202.9738,-211.8804,-363.2385,-90.2274,-30.3412,-12.4717,-12.28,-5.7854,-5.4049,-57.2639,-94.2753,23
9204.497,-209.9676,-360.2188,-89.8504,-29.9835,-12.3568,-12.3457,-5.9157,-5.3543,-56.7912,-93.5778,23
9205.9986,-208.213,-357.1356,-89.4729,-29.6246,-12.4535,-12.078,-5.7096,-5.304,-56.3212,-92.9016,23
9207.5513,-206.3059,-354.051,-89.0717,-29.3435,-12.5456,-12.0349,-5.554,-5.2141,-55.8424,-92.132,23
9209.0842,-204.2965,-350.8555,-88.7114,-29.0159,-12.4336,-11.9374,-5.4549,-5.1562,-55.1801,-91.2772,23
9210.6365,-202.3327,-347.4826,-88.2106,-28.7114,-12.3104,-11.8362,-5.3495,-5.1509,-54.6667,-90.5507,23
9212.1737,-200.2317,-344.0466,-87.9251,-28.4074,-12.0569,-11.7222,-5.3164,-5.3189,-54.1173,-89.8527,23
9213.7131,-198.1022,-340.7173,-87.263,-28.1022,-11.7792,-11.6085,-5.1729,-5.1124,-53.5976,-89.0204,23
9215.2227,-195.9376,-337.3357,-86.6785,-27.7908,-11.4693,-11.4574,-5.0749,-4.9932,-53.1899,-88.2048,23
9216.7972,-193.7481,-333.762,-86.1034,-27.4732,-11.3759,-11.3009,-4.9867,-4.9076,-52.6348,-87.3818,23
9218.3661,-191.5732,-330.1244,-85.5788,-27.15,-11.1893,-11.1907,-4.9022,-4.7768,-52.0985,-86.5498,23
9219.9451,-188.8632,-325.4029,-84.8072,-26.6622,-10.9736,-10.9001,-4.611,-4.5963,-50.8727,-85.7007,23
9221.5216,-182.464,-316.0859,-83.5637,-25.5785,-10.7047,-10.4946,-4.1523,-4.5364,-49.1047,-83.7149,23
9223.0936,-172.8267,-303.9547,-81.7203,-23.719,-10.2373,-9.8938,-3.4875,-4.3236,-46.5253,-80.2508,23
9224.6451,-162.4974,-289.1077,-79.6591,-22.0302,-9.7065,-9.231,-2.8455,-4.0433,-43.8413,-76.2616,23
9226.1656,-152.4935,-274.2622,-77.4017,-20.4465,-9.132,-8.5207,-2.2232,-3.7291,-41.1571,-71.9476,23
9227.6901,-143.4695,-259.8335,-75.2331,-19.0565,-8.6151,-7.9402,-1.8992,-3.3318,-38.686,-67.9289,23
9229.2631,-135.4799,-246.3224,-73.0653,-17.8989,-8.217,-7.4474,-1.5163,-3.0825,-36.3611,-64.1007,23
9230.81,-128.6755,-234.4971,-71.0683,-16.9188,-7.7804,-7.0135,-1.157,-2.9594,-34.5748,-60.8352,23
9232.3627,-122.8593,-224.1604,-69.2636,-16.0249,-7.4509,-6.6909,-0.75428,-2.7777,-32.7341,-57.8325,23
9233.9393,-117.5171,-214.8241,-67.4325,-15.2467,-7.141,-6.363,-0.42766,-2.6693,-31.0773,-55.2291,23
9235.495,-112.6948,-206.231,-65.7716,-14.5381,-6.8633,-6.1497,-0.1628,-2.5914,-29.7606,-52.7916,23
9237.0269,-108.329,-198.6545,-64.0821,-13.9142,-6.7294,-5.9524,0.21266,-2.4522,-28.6135,-50.6621,23
9238.5467,-104.1422,-191.4051,-62.5063,-13.3246,-6.5204,-5.7384,0.42829,-2.341,-27.5337,-48.6735,23
9240.0786,-100.4386,-184.826,-60.986,-12.7872,-6.2889,-5.5725,0.61136,-2.2475,-26.4653,-46.7524,23
9241.6467,-97.0518,-178.6756,-59.5402,-12.2992,-5.9716,-5.5149,0.72465,-2.1698,-25.475,-45.0534,23
9243.2341,-93.8042,-172.9901,-58.1565,-11.854,-5.6898,-5.3713,0.93927,-2.0997,-24.5379,-43.4442,23
9244.7661,-90.5148,-167.4097,-56.8226,-11.4012,-5.4784,-5.2022,1.0539,-1.9942,-23.7983,-41.9059,23
9680.4497,-255.6011,-418.118,-79.9059,-39.1436,-15.0676,-13.7372,-11.4545,-7.2449,-69.4925,-112.9408,24
9681.9853,-256.246,-419.2338,-80.7097,-39.2574,-15.1338,-13.6962,-11.5997,-7.3333,-69.7194,-113.441,24
9683.5449,-256.9569,-420.5375,-81.4364,-39.3547,-15.2119,-13.7428,-11.5169,-7.4556,-70.06,-113.9946,24
9685.0602,-257.6995,-421.6821,-82.1306,-39.5222,-15.2854,-13.7393,-11.5264,-7.5363,-70.4549,-114.7474,24
9686.5893,-258.453,-422.9952,-82.8528,-39.6954,-15.3073,-13.7624,-11.6464,-7.6318,-70.626,-115.3462,24
9688.1685,-259.2442,-424.3348,-83.5458,-39.8145,-15.5508,-13.7949,-11.5207,-7.5994,-70.7493,-115.8901,24
9689.7177,-259.9962,-425.6204,-84.2304,-39.9418,-15.5192,-13.9149,-11.5244,-7.6117,-71.1774,-116.3759,24
9691.2465,-260.6463,-426.893,-84.9124,-40.0212,-15.5195,-13.9323,-11.6517,-7.6808,-71.4805,-116.8668,24
9692.8181,-261.2645,-428.1328,-85.5565,-40.0825,-15.3241,-14.0356,-11.818,-7.7687,-71.7143,-117.378,24
9694.3539,-261.9625,-429.4177,-86.1944,-39.9757,-15.3063,-14.1153,-11.6477,-7.9707,-71.7734,-117.8709,24
9695.9417,-262.6083,-430.5222,-86.7975,-40.1964,-15.3564,-14.1445,-11.6602,-8.0624,-71.9487,-118.2912,24
9697.4754,-263.0771,-431.6312,-87.4819,-40.3091,-15.4752,-14.2321,-11.5778,-8.0629,-72.0417,-118.5894,24
9699.0477,-263.5452,-432.8831,-87.9941,-40.3811,-15.4751,-14.2932,-11.4121,-7.9083,-72.238,-119.0079,24
9700.6371,-264.0802,-433.9515,-88.5909,-40.6194,-15.5131,-14.5826,-11.4353,-7.9309,-72.5741,-119.5759,24
9702.1791,-264.499,-434.815,-89.2249,-40.6531,-15.6793,-14.83,-11.4899,-7.9005,-72.8106,-120.0408,24
9703.7458,-265.0629,-435.6881,-89.8044,-40.6968,-15.5934,-14.7491,-11.5538,-8.1459,-73.1076,-120.5959,24
9705.3022,-265.7977,-436.8182,-90.4113,-40.5353,-15.5908,-14.7967,-11.4838,-8.3661,-73.4302,-121.214,24
9706.8554,-266.212,-437.6086,-90.9924,-40.502,-15.8148,-14.6895,-11.618,-8.2686,-73.7324,-121.4458,24
9708.4494,-266.6841,-438.5241,-91.5763,-40.5251,-15.9791,-14.6829,-11.7258,-8.2227,-73.7114,-121.7393,24
9709.9526,-267.0569,-439.3766,-92.1669,-40.6599,-15.8532,-14.7102,-11.8542,-8.2069,-73.7508,-122.1259,24
9711.4968,-267.43,-440.2524,-92.7263,-40.7727,-15.7942,-14.7571,-11.7205,-8.2217,-73.8205,-122.3019,24
9713.0474,-267.7366,-440.8698,-93.2431,-40.8228,-15.8941,-14.7635,-11.6765,-8.2437,-73.7582,-122.6081,24
9714.5959,-268.0884,-441.6129,-93.9186,-40.8423,-15.9699,-14.7969,-11.7116,-8.2661,-73.9073,-122.8646,24
9716.1213,-268.4713,-442.3509,-94.4805,-40.6527,-15.9818,-14.8382,-11.7419,-8.207,-74.0395,-123.2286,24
9717.6937,-268.8348,-442.9649,-94.9679,-40.6642,-15.9631,-14.8811,-11.8013,-8.1704,-74.203,-123.7603,24
9719.248,-269.3153,-443.4875,-95.436,-40.7499,-15.9396,-14.8797,-11.8186,-8.35,-74.3521,-124.1421,24
9720.8188,-269.4603,-443.9864,-95.6795,-40.9808,-15.9219,-14.8252,-11.8594,-8.2247,-74.4428,-124.4344,24
9722.3911,-269.6793,-444.4894,-96.0965,-41.0994,-16.0307,-14.8433,-11.9007,-8.2107,-74.5049,-124.6281,24
9723.9246,-270.0569,-444.9972,-96.7185,-41.1173,-15.9283,-14.8892,-11.8972,-8.1908,-74.754,-124.8687,24
9725.4621,-270.2559,-445.3399,-97.2529,-41.1706,-16.0067,-15.0626,-11.9564,-8.2289,-74.679,-125.1153,24
9727.0107,-270.3995,-445.7156,-97.7481,-41.1532,-15.9318,-15.133,-11.9479,-8.2775,-74.7451,-125.3505,24
9728.6047,-270.6534,-445.9033,-98.2254,-41.1562,-15.984,-15.1561,-12.0777,-8.4839,-74.7659,-125.5222,24
9730.1706,-270.7924,-446.1745,-98.6277,-41.0023,-15.9843,-15.0742,-12.0723,-8.5534,-75.0651,-125.782,24
9731.7419,-270.8221,-446.5564,-98.9807,-41.1379,-16.0127,-14.9738,-12.0211,-8.5634,-75.1305,-125.969,24
9733.2805,-270.9096,-446.9649,-99.3385,-41.1125,-16.0399,-14.7654,-11.9133,-8.5438,-75.0634,-126.1569,24
9734.8207,-270.833,-447.2648,-99.7214,-41.1177,-16.0239,-14.7567,-12.0071,-8.524,-75.1053,-126.5626,24
9736.3736,-270.8129,-447.336,-100.0099,-41.2753,-15.9923,-14.7427,-11.9982,-8.3499,-75.1481,-126.675,24
9737.9529,-270.7465,-447.3278,-100.3716,-41.1463,-16.0384,-14.975,-11.9539,-8.3093,-75.1856,-126.7907,24
9739.5282,-270.6909,-447.4235,-100.7329,-41.1278,-16.0652,-14.9299,-11.9322,-8.5239,-74.9636,-126.9231,24
9740.6189,-270.6086,-447.469,-101.0309,-41.298,-15.9993,-14.9534,-11.8849,-8.4038,-74.9171,-127.0966,24
9742.1938,-270.7305,-447.4412,-101.2029,-41.3157,-15.9444,-15.0259,-11.8745,-8.3765,-75.0133,-127.2155,24
9743.73,-270.5387,-447.2868,-101.4882,-41.3016,-15.9406,-15.2766,-11.6742,-8.3355,-74.9076,-127.2912,24
9745.2815,-270.4129,-447.3256,-101.7956,-41.2605,-15.9573,-15.3857,-11.5954,-8.3928,-74.8858,-127.372,24
9746.9514,-270.2622,-447.1127,-102.1693,-41.2145,-16.0944,-15.3017,-11.6074,-8.4704,-74.8384,-127.5559,24
9748.6417,-270.0368,-446.9205,-102.441,-40.964,-16.127,-15.2712,-11.6152,-8.4629,-74.9449,-127.6177,24
9750.2273,-269.8251,-446.6185,-102.6894,-40.8689,-16.0724,-15.2687,-11.6099,-8.4611,-74.9883,-127.6908,24
9751.7884,-269.5755,-446.3489,-102.9418,-40.8326,-16.025,-15.0817,-11.6321,-8.4598,-74.9847,-127.654,24
9753.3826,-269.2722,-446.0532,-103.1723,-40.8597,-16.0281,-14.9711,-11.6565,-8.4618,-75.0173,-127.609,24
9754.9818,-268.9466,-445.6701,-103.4088,-40.7633,-15.9672,-15.1009,-11.6326,-8.6622,-74.9583,-127.7435,24
9756.5891,-268.5697,-445.2543,-103.6166,-40.7005,-15.8868,-14.9816,-11.5875,-8.5003,-74.8532,-127.8191,24
9758.1594,-268.3329,-444.822,-103.7869,-40.6009,-15.8842,-14.8635,-11.4153,-8.312,-74.9595,-127.7515,24
9759.7536,-267.7543,-444.253,-103.8786,-40.612,-15.8274,-14.9088,-11.5802,-8.3327,-74.6606,-127.5614,24
9761.3968,-267.1093,-443.4713,-104.0485,-40.5603,-15.8347,-14.8132,-11.6335,-8.3604,-74.4353,-127.4438,24
9763.0276,-266.4514,-442.5908,-104.2181,-40.4758,-15.8533,-14.7555,-11.8366,-8.584,-74.3496,-127.3372,24
9764.6203,-265.8176,-441.7423,-104.3586,-40.3668,-15.7888,-14.7863,-11.5971,-8.4696,-74.4332,-127.1725,24
9766.2331,-265.196,-440.7985,-104.454,-40.2471,-15.7341,-14.8446,-11.3542,-8.5701,-74.3634,-126.7622,24
9767.8531,-264.491,-439.7915,-104.5071,-40.1605,-15.843,-14.8543,-11.4125,-8.6395,-74.2444,-126.5983,24
9769.4186,-263.7533,-438.6448,-104.564,-40.0357,-15.829,-14.6326,-11.2208,-8.7789,-74.039,-126.3777,24
9771.0094,-262.9991,-437.4672,-104.5981,-39.8916,-15.7632,-14.5937,-11.1591,-8.7859,-73.7996,-126.2453,24
9772.6127,-261.993,-436.448,-104.6405,-39.7351,-15.8722,-14.62,-11.2099,-8.7015,-73.502,-125.9318,24
9774.2578,-260.8799,-435.1404,-104.656,-39.5727,-15.6631,-14.6265,-11.0563,-8.6701,-73.1067,-125.5812,24
9775.8358,-259.8806,-433.6116,-104.6349,-39.5655,-15.5648,-14.7656,-10.9566,-8.4639,-72.731,-125.2399,24
9777.4547,-259.1398,-431.9392,-104.3748,-39.465,-15.4624,-14.7974,-10.9957,-8.3465,-72.3733,-124.8913,24
9779.1335,-258.0532,-430.4626,-104.1997,-39.3153,-15.4595,-14.9359,-10.997,-8.2719,-72.0701,-124.5197,24
9780.7123,-256.8409,-428.8549,-104.1699,-39.2114,-15.3955,-14.9523,-10.9293,-8.3081,-71.9779,-124.1173,24
9782.358,-255.7883,-427.1628,-104.1306,-38.9907,-15.3084,-14.8747,-10.8684,-8.089,-71.7579,-123.9239,24
9783.9918,-254.673,-425.2688,-104.1289,-38.7293,-15.2107,-14.9569,-10.7691,-7.9259,-71.4644,-123.309,24
9785.5685,-253.4847,-423.286,-104.0108,-38.6552,-15.1152,-14.7154,-10.7013,-7.8788,-71.1187,-122.7893,24
9787.1835,-252.2902,-421.3331,-103.9041,-38.4278,-15.0237,-14.5459,-10.761,-8.0872,-70.6304,-122.0802,24
9788.8157,-250.9593,-419.2398,-103.9662,-38.1839,-15.055,-14.2868,-10.5644,-7.9848,-70.1839,-121.5362,24
9790.4723,-249.4988,-416.9498,-103.8305,-37.9236,-15.0315,-14.1978,-10.4111,-7.8951,-69.6755,-121.0286,24
9791.9626,-247.9607,-414.7364,-103.5475,-37.7453,-14.9377,-14.1253,-10.2768,-8.0062,-69.2809,-120.6765,24
9793.492,-246.2551,-412.442,-103.2685,-37.4626,-14.8531,-13.9392,-10.2078,-7.8998,-68.8744,-120.078,24
9794.9523,-244.649,-409.6927,-102.982,-37.1842,-14.6928,-13.839,-10.115,-7.8827,-68.5362,-119.4903,24
9796.4668,-243.2931,-406.8815,-102.7187,-36.9833,-14.5983,-13.7693,-10.0515,-7.8425,-68.154,-118.8748,24
9797.986,-241.68,-404.2366,-102.3958,-36.6017,-14.4854,-13.7107,-10.1099,-7.7237,-67.6982,-118.3968,24
9799.5136,-240.0888,-401.7396,-102.072,-36.2487,-14.4112,-13.6437,-9.9077,-7.7824,-67.284,-117.7972,24
9801.033,-238.4034,-399.2496,-101.7243,-35.9508,-14.343,-13.4454,-9.9055,-7.808,-66.8292,-117.0412,24
9802.5135,-236.4148,-396.5351,-101.3889,-35.6804,-14.4319,-13.3331,-9.8723,-7.773,-66.35,-116.4109,24
9804.0317,-234.5549,-393.7002,-101.0312,-35.4118,-14.344,-13.4514,-9.788,-7.8641,-65.849,-115.5168,24
9805.5949,-232.8787,-390.5169,-100.6405,-35.1338,-14.1883,-13.3407,-9.7505,-7.739,-65.4132,-114.5387,24
9807.1084,-230.9816,-387.3986,-100.174,-35.0448,-14.0074,-13.4615,-9.6391,-7.7094,-64.7411,-113.6984,24
9808.6287,-229.0875,-384.2687,-99.8273,-34.5859,-13.876,-13.1759,-9.6631,-7.6626,-64.2803,-112.9105,24
9810.1413,-227.23,-381.2246,-99.4093,-34.1746,-13.727,-13.061,-9.5504,-7.4577,-63.9527,-112.2845,24
9811.6704,-225.3103,-378.1401,-98.9424,-33.8233,-13.6169,-12.8735,-9.3911,-7.3336,-63.2822,-111.3411,24
9813.2027,-223.2858,-374.9337,-98.4305,-33.273,-13.3169,-12.768,-9.0546,-7.2492,-62.689,-110.4414,24
9814.3119,-221.2327,-371.6638,-97.8894,-32.9209,-13.1783,-12.639,-8.8555,-7.2303,-61.9955,-109.5802,24
9815.8885,-219.2245,-368.4397,-97.3657,-32.6381,-13.0984,-12.5847,-8.6,-7.1837,-61.3754,-108.7294,24
9817.3969,-217.1587,-364.8907,-96.7907,-32.3403,-12.8414,-12.6215,-8.4739,-7.1228,-60.8968,-107.7772,24
9818.9365,-215.0407,-361.3662,-96.2257,-32.2592,-12.6937,-12.5051,-8.3887,-7.0937,-60.4104,-106.8587,24
9820.0571,-212.7152,-357.6581,-95.4469,-31.7699,-12.5862,-12.167,-8.3561,-6.9915,-59.5355,-106.0179,24
9821.5946,-207.0021,-349.6142,-94.4095,-30.6764,-12.2987,-11.6571,-7.8429,-6.8291,-58.0731,-104.0213,24
9823.0921,-198.896,-338.3323,-92.6541,-28.9923,-12.0059,-10.952,-7.1776,-6.5783,-55.492,-101.3218,24
9824.6326,-188.7435,-323.5331,-90.539,-27.2865,-11.3353,-10.2373,-6.5022,-6.4084,-52.7169,-97.5119,24
9826.1885,-178.0683,-308.3557,-88.1716,-25.4161,-10.7838,-9.5392,-5.9342,-6.1266,-49.7603,-93.0009,24
9827.6721,-168.3349,-293.4958,-85.8121,-23.916,-10.2621,-8.9072,-5.4427,-5.8427,-47.0831,-88.5853,24
9829.1903,-159.6379,-280.1043,-83.4963,-22.6565,-9.7917,-8.3409,-4.9998,-5.5492,-44.6856,-84.4402,24
9830.7204,-152.1934,-267.7965,-81.3073,-21.6034,-9.509,-7.8695,-4.5841,-5.2944,-42.6488,-80.692,24
9832.2884,-145.6212,-256.6073,-79.2046,-20.887,-9.1986,-7.4466,-4.2252,-5.0441,-40.8059,-77.3702,24
9833.3575,-139.9264,-246.8432,-77.3984,-19.9468,-8.947,-7.0474,-4.0455,-4.8659,-39.146,-74.3742,24
9834.8461,-134.9553,-238.3207,-75.5524,-19.1772,-8.7285,-6.6974,-3.6608,-4.7305,-37.4309,-71.7299,24
9836.4303,-130.4273,-230.4851,-73.7921,-18.7244,-8.4184,-6.5998,-3.4037,-4.5022,-36.0696,-69.3067,24
9837.9687,-126.2832,-223.2839,-72.0976,-17.9762,-8.1414,-6.5081,-3.1678,-4.3435,-34.9114,-67.1044,24
9839.498,-122.4025,-216.48,-70.5858,-17.4189,-7.898,-6.2111,-3.0097,-4.3831,-34.0796,-65.004,24
9841.0061,-118.7894,-210.1448,-69.1015,-16.7906,-7.649,-5.9358,-2.7605,-4.2019,-33.1862,-63.1106,24
9842.5458,-115.4428,-204.1852,-67.6644,-16.2384,-7.2547,-5.6922,-2.6197,-4.0761,-32.2691,-61.4677,24
9844.1051,-112.2846,-198.7571,-66.468,-15.858,-7.0487,-5.4881,-2.6396,-4.0904,-31.3795,-59.6555,24
9845.7076,-109.2568,-193.4281,-64.9503,-15.3901,-6.8429,-5.3485,-2.4209,-3.9133,-30.4686,-57.9049,24
9847.2613,-106.3591,-188.2328,-63.5183,-14.949,-6.7761,-5.1528,-2.2483,-3.8015,-29.5995,-56.2873,24
9848.7765,-103.5758,-183.2367,-62.2149,-14.6472,-6.54,-4.9873,-2.135,-3.7535,-28.7864,-54.9476,24
9782.358,-255.7883,-427.1628,-104.1306,-38.9907,-15.3084,-14.8747,-10.8684,-8.089,-71.7579,-123.9239,24
9783.9918,-254.673,-425.2688,-104.1289,-38.7293,-15.2107,-14.9569,-10.7691,-7.9259,-71.4644,-123.309,24
9785.5685,-253.4847,-423.286,-104.0108,-38.6552,-15.1152,-14.7154,-10.7013,-7.8788,-71.1187,-122.7893,24
